Participant,Recording,start timestamp [ns],fixation_id,assigned_aoi,duration (ms)
30,1,1750415554180863048,188,right_eye,160
30,1,1750415566467389048,216,mouth,285
30,1,1750415567338141048,218,mouth,481
30,1,1750415567958768048,219,mouth,1036
30,1,1750415570926525048,223,mouth,2027
30,1,1750415573413782048,225,mouth,616
30,1,1750415575390661048,230,mouth,706
30,1,1750415576656915048,232,mouth,200
30,1,1750415576887043048,233,mouth,300
30,1,1750415580755678048,239,nose,1246
30,1,1750415585104811048,244,mouth,345
30,1,1750415587176691048,249,nose,150
30,1,1750415587356817048,250,mouth,731
30,1,1750415589373173048,253,mouth,1311
30,1,1750415591655294048,256,mouth,295
30,1,1750415595939292048,267,mouth,175
30,1,1750415596144542048,268,mouth,616
30,1,1750415597280542048,270,mouth,771
30,1,1750415600533666048,275,mouth,490
30,1,1750415603301164048,281,mouth,410
30,1,1750415606444165048,287,mouth,440
30,1,1750415610608036048,291,mouth,190
30,1,1750415610963286048,292,mouth,711
30,1,1750415613190410048,294,mouth,641
30,1,1750415616818784048,300,mouth,390
30,1,1750415617289158048,301,mouth,405
30,1,1750415617754658048,302,mouth,385
30,1,1750415618320158048,303,mouth,556
30,1,1750415619070907048,304,mouth,120
30,1,1750415619216033048,305,mouth,290
30,1,1750415623249781048,313,nose,516
30,1,1750415631507409048,325,mouth,410
30,1,1750415635771400048,330,mouth,375
30,1,1750415638604023048,335,mouth,285
30,1,1750415646086018048,346,mouth,205
30,1,1750415646466393048,348,mouth,516
30,1,1750415647011893048,349,mouth,380
30,1,1750415647417268048,350,mouth,2492
30,1,1750415654473890048,362,mouth,145
30,1,1750415654634013048,363,mouth,350
30,1,1750415654999263048,364,mouth,1261
30,1,1750415661295134048,377,mouth,215
30,1,1750415661535384048,378,mouth,881
30,1,1750415662566383048,379,mouth,340
30,1,1750415663787507048,382,mouth,1436
30,1,1750415665384006048,383,mouth,405
30,1,1750415665939506048,384,mouth,1111
30,1,1750415668101504048,387,mouth,185
30,1,1750415668306754048,388,mouth,215
30,1,1750415668551880048,389,mouth,631
30,1,1750415669332639048,390,mouth,2432
30,1,1750415671790006048,391,mouth,650
30,1,1750415672620767048,392,mouth,610
30,1,1750415673381376048,393,mouth,621
30,1,1750415674207250048,394,mouth,821
30,1,1750415675043000048,395,mouth,365
30,1,1750415678636382048,403,mouth,320
30,1,1750416450810790048,2192,mouth,160
30,1,1750416451951916048,2195,mouth,100
30,1,1750416471695304048,2229,mouth,135
30,1,1750416472040561048,2231,mouth,455
30,1,1750416472581185048,2232,nose,200
30,1,1750416472821313048,2233,mouth,1306
30,1,1750416498975699048,2271,mouth,265
30,1,1750416509980955048,2295,mouth,1231
30,1,1750416515701332048,2302,mouth,245
30,1,1750416550258471048,2377,mouth,210
30,1,1750416664970339048,2619,mouth,135
30,1,1750416746090967048,2780,mouth,550
30,1,1750417307163634048,4059,mouth,440
30,1,1750417307634010048,4060,mouth,315
30,1,1750417313594637048,4074,mouth,245
30,1,1750417313859887048,4075,mouth,586
30,1,1750417315816638048,4078,mouth,180
30,1,1750417368180519048,4200,left_eye,245
30,1,1750417464765377048,4404,mouth,556
30,1,1750417719943184048,5008,right_eye,480
30,1,1750417782331311048,5158,mouth,275
30,1,1750417898869891048,5417,right_eye,215
30,2,1750419211031261133,87,mouth,430
30,2,1750419213078131133,92,mouth,205
30,2,1750419444028625133,665,left_eye,335
30,2,1750419912770584133,1807,mouth,265
30,2,1750420080652050133,2179,mouth,806
30,2,1750420388253212133,2902,right_eye,170
30,2,1750420553862502133,3294,mouth,95
30,2,1750420553992627133,3295,mouth,245
30,2,1750420573145388133,3339,right_eye,110
30,2,1750420573270507133,3340,right_eye,90
30,2,1750421108409128133,4581,mouth,145
30,2,1750421228831245133,4877,mouth,110
30,2,1750421247493623133,4920,mouth,145
30,2,1750421247673873133,4921,mouth,180
36,2,1752495823581699400,725,mouth,170
36,2,1752495860436080400,826,mouth,165
36,2,1752496070006468400,1415,left_eye,100
36,2,1752496131688990400,1607,mouth,405
36,2,1752496259723387400,1891,right_eye,300
36,2,1752496297318513400,2006,right_eye,180
36,2,1752496702371155400,3039,left_eye,456
36,2,1752497059589250400,3888,left_eye,325
36,2,1752497059964625400,3889,right_eye,240
36,2,1752497377760927400,4591,left_eye,165
36,2,1752497380798807400,4596,left_eye,80
36,2,1752497380983928400,4597,left_eye,130
36,2,1752497382135053400,4601,left_eye,506
36,1,1752492751932825030,170,right_eye,125
36,1,1752492775780085030,206,nose,325
36,1,1752492776130460030,207,right_eye,335
36,1,1752492776490835030,208,left_eye,470
36,1,1752492777001212030,209,left_eye,235
36,1,1752492777261468030,210,left_eye,445
36,1,1752492780124211030,219,mouth,185
36,1,1752492781545461030,224,nose,486
36,1,1752492782055962030,225,nose,516
36,1,1752492782601462030,226,nose,255
36,1,1752492782881712030,227,right_eye,250
36,1,1752492783146962030,228,nose,120
36,1,1752492783317212030,229,left_eye,195
36,1,1752492783552349030,230,left_eye,250
36,1,1752492783832587030,231,left_eye,305
36,1,1752492784172962030,232,left_eye,420
36,1,1752492784628338030,233,nose,175
36,1,1752492797775595030,255,mouth,315
36,1,1752492819525973030,304,mouth,290
36,1,1752492820671973030,306,left_eye,415
36,1,1752492821112473030,307,left_eye,646
36,1,1752492821843098030,308,nose,360
36,1,1752492822478727030,309,left_eye,135
36,1,1752492822633853030,310,left_eye,95
36,1,1752492822753974030,311,left_eye,285
36,1,1752492823049228030,312,left_eye,140
36,1,1752492823269475030,313,mouth,625
36,1,1752492825016099030,316,nose,686
36,1,1752492825721724030,317,left_eye,425
36,1,1752492828369225030,322,nose,220
36,1,1752492828619475030,323,nose,300
36,1,1752492828949733030,324,left_eye,265
36,1,1752492839309222030,349,right_eye,195
36,1,1752492840835721030,351,right_eye,966
36,1,1752492841811596030,352,left_eye,380
36,1,1752492842211970030,353,left_eye,986
36,1,1752492843217845030,354,nose,280
36,1,1752492843528220030,355,nose,796
36,1,1752492844338969030,356,nose,330
36,1,1752492844694344030,357,right_eye,1456
36,1,1752492846180718030,358,nose,290
36,1,1752492846495968030,359,nose,1631
36,1,1752492848162467030,360,left_eye,165
36,1,1752492851720841030,368,nose,105
36,1,1752492851850966030,369,mouth,80
36,1,1752492853627591030,375,right_eye,385
36,1,1752492854052965030,376,mouth,90
36,1,1752492854358340030,377,mouth,490
36,1,1752492883625580030,451,right_eye,320
36,1,1752493398120556030,1773,right_eye,160
36,1,1752493509764810030,2030,right_eye,255
36,1,1752493510060060030,2031,mouth,110
36,1,1752493510185185030,2032,nose,105
36,1,1752493510305310030,2033,mouth,265
36,1,1752493510680570030,2034,mouth,200
36,1,1752493510915810030,2035,right_eye,260
36,1,1752493511211060030,2036,nose,405
36,1,1752493511656560030,2037,right_eye,365
36,1,1752493512066935030,2038,mouth,100
36,1,1752493513473185030,2043,right_eye,80
36,1,1752493513583310030,2044,right_eye,395
36,1,1752493514614310030,2046,right_eye,155
36,1,1752494131820007030,3489,right_eye,295
36,1,1752494584131897030,4618,mouth,145
36,1,1752494584312016030,4619,left_eye,125
36,1,1752494596953895030,4649,mouth,150
36,1,1752494597119022030,4650,left_eye,210
36,1,1752494697067193030,4905,left_eye,130
36,1,1752494772232336030,5095,left_eye,190
09,2,1742396388168520066,299,mouth,215
09,2,1742396455526286066,466,left_eye,245
09,2,1742396723775865066,1220,left_eye,260
09,2,1742396736837996066,1251,left_eye,80
09,2,1742396737243374066,1253,left_eye,220
09,2,1742396817808417066,1477,left_eye,516
09,2,1742397035380543066,2076,right_eye,160
09,2,1742397037087041066,2082,nose,160
09,2,1742397048757924066,2115,nose,155
09,2,1742397048958171066,2116,right_eye,360
09,2,1742397049358546066,2117,mouth,255
09,2,1742397051500547066,2122,nose,285
09,2,1742397052141048066,2124,nose,265
09,2,1742397052446423066,2125,left_eye,911
09,2,1742397053402298066,2126,mouth,445
09,2,1742397055529303066,2131,mouth,215
09,2,1742397055799555066,2132,right_eye,140
09,2,1742397055979675066,2133,left_eye,400
09,2,1742397056480175066,2134,right_eye,510
09,2,1742397057651176066,2136,nose,405
09,2,1742397063391555066,2148,mouth,491
09,2,1742397064187306066,2150,mouth,155
09,2,1742397064372441066,2151,nose,395
09,2,1742397067415308066,2161,mouth,170
09,2,1742397067620558066,2162,nose,320
09,2,1742397077029315066,2184,left_eye,350
09,2,1742397077414571066,2185,left_eye,741
09,2,1742397078175318066,2186,right_eye,240
09,2,1742397080057070066,2189,right_eye,2062
09,2,1742397551509978066,3375,mouth,165
09,2,1742397561579356066,3403,right_eye,225
09,2,1742397644531377066,3615,right_eye,165
09,2,1742397739800028066,3872,mouth,165
09,2,1742397740405528066,3874,mouth,405
09,2,1742397741141279066,3876,mouth,175
09,2,1742397742547529066,3880,right_eye,180
09,2,1742397742757789066,3881,left_eye,130
09,2,1742397742932904066,3882,right_eye,115
09,2,1742397743078030066,3883,right_eye,415
09,2,1742397743993914066,3884,mouth,170
09,2,1742397744479405066,3886,nose,265
09,2,1742397746501281066,3891,mouth,265
09,2,1742397746796538066,3892,nose,636
09,2,1742397747467156066,3893,nose,155
09,2,1742397747662284066,3894,right_eye,145
09,2,1742397749999532066,3900,nose,290
09,2,1742397751180657066,3902,mouth,165
09,2,1742397752757033066,3907,right_eye,390
09,2,1742397753552783066,3909,nose,1121
09,2,1742397755779908066,3912,nose,415
09,2,1742397757931909066,3917,left_eye,310
09,2,1742397763842412066,3932,left_eye,971
09,2,1742397765929288066,3935,nose,305
09,2,1742397766269663066,3936,nose,606
09,2,1742397797603800066,3956,mouth,776
09,2,1742397801892800066,3966,left_eye,335
09,2,1742397802263050066,3967,right_eye,215
09,2,1742397812847925066,3996,nose,265
09,2,1742397819774425066,4015,mouth,290
09,2,1742397823037424066,4022,nose,496
09,2,1742397823567925066,4023,right_eye,180
09,2,1742397988200935066,4452,left_eye,115
09,2,1742398065272600066,4673,right_eye,250
09,2,1742398070042101066,4685,left_eye,130
09,2,1742398468267376066,5712,left_eye,240
09,2,1742398468607618066,5713,right_eye,145
09,2,1742398468832867066,5714,left_eye,180
09,2,1742398472050869066,5722,mouth,220
09,2,1742398477055498066,5734,nose,125
09,2,1742398488586257066,5757,left_eye,1126
09,2,1742398489747272066,5758,left_eye,195
09,1,1742392810117244145,536,right_eye,480
09,1,1742392810632744145,537,nose,265
09,1,1742392811058119145,538,right_eye,85
09,1,1742392811178244145,539,nose,420
09,1,1742392811628619145,540,mouth,250
09,1,1742392812038995145,541,nose,90
09,1,1742392812779744145,544,mouth,290
09,1,1742392813119994145,545,left_eye,250
09,1,1742392813405244145,546,left_eye,1201
09,1,1742392814656498145,547,left_eye,876
09,1,1742392815567253145,548,mouth,701
09,1,1742392816312995145,549,left_eye,225
09,1,1742392816578244145,550,mouth,876
09,1,1742392817499120145,551,right_eye,385
09,1,1742392817924495145,552,nose,596
09,1,1742392818605120145,553,left_eye,751
09,1,1742392819370870145,554,nose,435
09,1,1742392819816249145,555,mouth,245
09,1,1742392820101508145,556,left_eye,550
09,1,1742392820692120145,557,mouth,596
09,1,1742392821322629145,558,right_eye,210
09,1,1742392821547870145,559,right_eye,340
09,1,1742392821928245145,560,nose,465
09,1,1742392822568870145,561,nose,390
09,1,1742392823414621145,563,nose,1206
09,1,1742392824660758145,564,left_eye,240
09,1,1742392824941001145,565,left_eye,325
09,1,1742392826717745145,569,left_eye,225
09,1,1742392826977995145,570,left_eye,185
09,1,1742392827193120145,571,right_eye,470
09,1,1742392827718623145,572,right_eye,591
09,1,1742392828349245145,573,mouth,165
09,1,1742392828554380145,574,left_eye,405
09,1,1742392828994870145,575,right_eye,1231
09,1,1742392830250995145,576,left_eye,275
09,1,1742392830566245145,577,mouth,656
09,1,1742392831331995145,578,left_eye,621
09,1,1742392832863371145,582,left_eye,225
09,1,1742392833123621145,583,right_eye,400
09,1,1742392833564121145,584,nose,475
09,1,1742392834084620145,585,right_eye,926
09,1,1742392835465871145,586,left_eye,155
09,1,1742392835655996145,587,left_eye,405
09,1,1742392836086371145,588,left_eye,385
09,1,1742392839679746145,599,nose,240
09,1,1742392839949996145,600,mouth,295
09,1,1742392840285371145,601,left_eye,245
09,1,1742392840555621145,602,right_eye,295
09,1,1742392840885871145,603,mouth,596
09,1,1742392841511498145,604,mouth,480
09,1,1742392842147122145,605,left_eye,260
09,1,1742392843618497145,608,mouth,1131
09,1,1742392844794497145,609,left_eye,470
09,1,1742392845299997145,610,mouth,611
09,1,1742392846035754145,611,right_eye,140
09,1,1742392847136747145,614,nose,661
09,1,1742392847817372145,615,mouth,455
09,1,1742392848297872145,616,mouth,1657
09,1,1742392849979373145,617,mouth,230
09,1,1742392850324748145,618,nose,405
09,1,1742392851450748145,621,nose,240
09,1,1742392851715998145,622,mouth,736
09,1,1742392853007248145,624,nose,455
09,1,1742392853487623145,625,nose,275
09,1,1742392854218373145,626,nose,250
09,1,1742392854498624145,627,nose,400
09,1,1742392855369377145,629,mouth,190
09,1,1742392860168875145,639,left_eye,240
09,1,1742392860439132145,640,mouth,1636
09,1,1742392862105626145,641,mouth,576
09,1,1742392862726259145,642,left_eye,205
09,1,1742392862946500145,643,right_eye,596
09,1,1742392863672125145,644,nose,461
09,1,1742392864162626145,645,nose,265
09,1,1742392864477882145,646,right_eye,530
09,1,1742392865123505145,647,left_eye,405
09,1,1742392867050251145,650,left_eye,315
09,1,1742392867410627145,651,left_eye,230
09,1,1742392867680880145,652,right_eye,225
09,1,1742392867941127145,653,left_eye,320
09,1,1742392868306502145,654,left_eye,766
09,1,1742392869272380145,655,mouth,220
09,1,1742393313710719145,1897,left_eye,175
09,1,1742393461328153145,2377,mouth,370
09,1,1742393515993945145,2545,mouth,701
09,1,1742393520192945145,2554,left_eye,135
09,1,1742393521869450145,2560,left_eye,585
09,1,1742393527409576145,2575,right_eye,470
09,1,1742393529861953145,2580,mouth,591
09,1,1742393531338332145,2584,left_eye,215
09,1,1742393531568454145,2585,left_eye,230
09,1,1742393531823704145,2586,nose,350
09,1,1742393532194079145,2587,left_eye,150
09,1,1742393532474330145,2588,nose,400
09,1,1742393563848481145,2673,mouth,175
09,1,1742393564063731145,2674,nose,290
09,1,1742393564394106145,2675,mouth,215
09,1,1742393565324857145,2679,right_eye,225
09,1,1742393565580107145,2680,mouth,280
09,1,1742393565945485145,2681,mouth,310
09,1,1742393566305858145,2682,left_eye,561
09,1,1742393566981484145,2683,right_eye,250
09,1,1742393576320117145,2708,mouth,95
09,1,1742393580038620145,2720,nose,145
09,1,1742393587605627145,2744,right_eye,110
09,1,1742393587755752145,2745,nose,135
09,1,1742393587986002145,2746,right_eye,195
09,1,1742393588276252145,2747,nose,170
09,1,1742393592540256145,2760,nose,220
09,1,1742393592820509145,2761,left_eye,320
09,1,1742393593301007145,2762,right_eye,140
09,1,1742393594547133145,2766,nose,165
09,1,1742393600047263145,2779,mouth,270
09,1,1742393602689641145,2788,mouth,210
09,1,1742393610632024145,2807,right_eye,385
09,1,1742393611057524145,2808,mouth,260
09,1,1742393616742047145,2822,nose,180
09,1,1742393616957297145,2823,right_eye,155
09,1,1742393619754798145,2831,right_eye,170
09,1,1742393619960048145,2832,left_eye,455
09,1,1742393620460548145,2833,nose,576
09,1,1742393622737674145,2838,nose,465
09,1,1742393627712301145,2850,mouth,310
09,1,1742393659742063145,2879,nose,140
09,1,1742393662809936145,2888,nose,235
09,1,1742393663080186145,2889,mouth,1166
09,1,1742393666373186145,2894,mouth,85
09,1,1742393667249061145,2897,right_eye,300
09,1,1742393669466061145,2903,nose,225
09,1,1742393676357437145,2924,right_eye,175
09,1,1742393684349936145,2948,nose,230
09,1,1742393684630186145,2949,left_eye,1036
09,1,1742394171963391145,4317,right_eye,340
09,1,1742394293251203145,4640,mouth,265
09,1,1742394295533329145,4647,mouth,145
09,1,1742394295688454145,4648,nose,200
09,1,1742394303460709145,4666,mouth,591
09,1,1742394304211459145,4667,mouth,220
09,1,1742394306073217145,4673,mouth,150
09,1,1742394306258335145,4674,nose,476
09,1,1742394322853719145,4719,nose,626
09,1,1742394323499344145,4720,nose,165
09,1,1742394340254981145,4751,left_eye,605
09,1,1742394371403988145,4785,right_eye,210
09,1,1742394372239738145,4787,left_eye,140
09,1,1742394372414863145,4788,nose,130
09,1,1742394374927239145,4796,nose,701
09,1,1742394375672864145,4797,right_eye,225
09,1,1742394376248489145,4798,right_eye,505
09,1,1742394377439489145,4800,left_eye,410
09,1,1742394377904989145,4801,nose,225
09,1,1742394378190248145,4802,nose,170
09,1,1742394380147114145,4807,nose,155
09,1,1742394395841614145,4855,mouth,250
09,1,1742394514517009145,5181,right_eye,781
09,1,1742394831351695145,6055,right_eye,220
09,1,1742394860078460145,6130,left_eye,155
09,1,1742394999678292145,6472,nose,185
09,1,1742394999943542145,6473,mouth,340
09,1,1742395000313918145,6474,nose,265
09,1,1742395006324422145,6491,mouth,155
09,1,1742395021113182145,6528,mouth,395
09,1,1742395021898932145,6529,mouth,1657
09,1,1742395023600558145,6530,nose,1141
22,2,1749724273772732107,2323,right_eye,225
22,2,1749724274022857107,2324,right_eye,135
22,2,1749724286754742107,2360,left_eye,150
22,2,1749724287645621107,2363,mouth,445
22,2,1749724312048389107,2420,mouth,105
22,2,1749724598350547107,3273,left_eye,160
22,2,1749724703348611107,3574,left_eye,200
22,2,1749724972509778107,4381,left_eye,190
22,2,1749724972730028107,4382,left_eye,260
22,2,1749724973015278107,4383,left_eye,435
22,2,1749724973490779107,4384,left_eye,566
22,2,1749724974096280107,4385,nose,1456
22,2,1749724977528781107,4393,left_eye,205
22,2,1749724977768907107,4394,nose,641
22,2,1749724978449664107,4395,left_eye,180
22,2,1749724978674789107,4396,nose,821
22,2,1749724979635657107,4397,left_eye,195
22,2,1749724980151157107,4399,mouth,155
22,2,1749724980331293107,4400,nose,646
22,2,1749724981012033107,4401,nose,155
22,2,1749724981192158107,4402,nose,440
22,2,1749724981647533107,4403,nose,405
22,2,1749724982078033107,4404,nose,410
22,2,1749724982518408107,4405,nose,526
22,2,1749724986427035107,4417,nose,175
22,2,1749724986622160107,4418,nose,450
22,2,1749724990986286107,4431,right_eye,150
22,2,1749724993733912107,4440,nose,170
22,2,1749724993939037107,4441,right_eye,140
22,2,1749724994114162107,4442,nose,255
22,2,1749724994444537107,4443,right_eye,210
22,2,1749724994684787107,4444,nose,110
22,2,1749724994950037107,4445,right_eye,235
22,2,1749724995380423107,4446,right_eye,230
22,2,1749724995645663107,4447,nose,315
22,2,1749724995990912107,4448,right_eye,160
22,2,1749724996181162107,4449,right_eye,195
22,2,1749724996406288107,4450,right_eye,320
22,2,1749724996761663107,4451,left_eye,270
22,2,1749724997066913107,4452,right_eye,225
22,2,1749724997372293107,4453,right_eye,295
22,2,1749724997697539107,4454,right_eye,195
22,2,1749724998037915107,4455,right_eye,210
22,2,1749724998273038107,4456,left_eye,400
22,2,1749724998713545107,4457,right_eye,215
22,2,1749724998963788107,4458,nose,355
22,2,1749724999349038107,4459,right_eye,215
22,2,1749724999594293107,4460,nose,741
22,2,1749725000360042107,4461,right_eye,440
22,2,1749725000835428107,4462,nose,485
22,2,1749725001355914107,4463,right_eye,305
22,2,1749725001691289107,4464,nose,526
22,2,1749725002251790107,4465,right_eye,255
22,2,1749725002542039107,4466,nose,175
22,2,1749725002872414107,4467,right_eye,480
22,2,1749725003387798107,4468,right_eye,230
22,2,1749725003653164107,4469,right_eye,405
22,2,1749725004088539107,4470,right_eye,395
22,2,1749725004619039107,4471,right_eye,260
22,2,1749725004914291107,4472,nose,185
22,2,1749725008993046107,4480,nose,1151
22,2,1749725010179170107,4481,right_eye,140
22,2,1749725010354423107,4482,nose,931
22,2,1749725016089666107,4498,left_eye,240
22,2,1749725016364916107,4499,nose,546
22,2,1749725016950541107,4500,left_eye,210
22,2,1749725017200792107,4501,mouth,475
22,2,1749725018426920107,4504,mouth,295
22,2,1749725018762166107,4505,nose,210
22,2,1749725019102544107,4506,mouth,210
22,2,1749725019347791107,4507,nose,150
22,2,1749725019608041107,4508,nose,756
22,2,1749725020398669107,4509,nose,240
22,2,1749725020663916107,4510,nose,546
22,2,1749725021229542107,4511,nose,1066
22,2,1749725024527541107,4521,left_eye,195
22,2,1749725025603545107,4525,left_eye,210
22,2,1749725026479416107,4528,left_eye,180
22,2,1749725044671416107,4574,right_eye,701
22,2,1749725097060288107,4679,left_eye,1206
22,2,1749725098416534107,4680,left_eye,150
22,2,1749725098701788107,4681,left_eye,220
22,2,1749725098957034107,4682,nose,310
22,2,1749725254637286107,5149,mouth,555
22,1,1749720634694436209,1353,right_eye,160
22,1,1749720635900561209,1357,mouth,265
22,1,1749720903420373209,2155,right_eye,155
22,1,1749720915902002209,2195,mouth,195
22,1,1749721231621727209,3069,mouth,165
22,1,1749721236431230209,3081,right_eye,130
22,1,1749721463473088209,3722,mouth,180
22,1,1749721941229066209,5011,mouth,230
22,1,1749721969345330209,5086,right_eye,355
22,1,1749721979139461209,5115,left_eye,205
22,1,1749721980535712209,5120,mouth,275
14,2,1744712634164692890,585,left_eye,250
14,2,1744712757264331890,860,mouth,105
14,2,1744712806114850890,978,left_eye,135
14,2,1744712855105510890,1112,right_eye,1331
14,2,1744712960583658890,1344,mouth,80
14,2,1744713001011302890,1448,right_eye,901
14,2,1744713047119334890,1534,mouth,70
14,2,1744713091996101890,1657,right_eye,290
14,2,1744713092331352890,1658,right_eye,956
14,2,1744713126042743890,1737,left_eye,210
14,2,1744713228318038890,2006,mouth,160
14,2,1744713384783789890,2401,mouth,736
14,2,1744713385539415890,2402,mouth,400
14,2,1744713434209720890,2535,mouth,756
14,2,1744713435781222890,2537,mouth,1016
14,2,1744713439739852890,2541,mouth,155
14,2,1744713476098768890,2613,right_eye,115
14,2,1744713513032603890,2693,mouth,85
14,2,1744713683420398890,3051,left_eye,135
14,2,1744713683580523890,3052,mouth,310
14,2,1744713747144670890,3222,mouth,105
14,2,1744713777367786890,3264,left_eye,350
14,2,1744714104226764890,4020,mouth,120
14,2,1744714118930514890,4059,mouth,200
14,2,1744714119681139890,4061,nose,150
14,2,1744714145350016890,4121,mouth,245
14,2,1744714213733646890,4248,right_eye,375
14,1,1744709406646574262,887,nose,370
14,1,1744709420509458262,933,mouth,165
14,1,1744709422751580262,941,mouth,115
14,1,1744709422901706262,942,mouth,651
14,1,1744709423572331262,943,nose,350
14,1,1744709552932880262,1256,mouth,155
14,1,1744709609410513262,1411,mouth,520
14,1,1744709609951013262,1412,nose,75
14,1,1744709846801659262,1915,mouth,155
14,1,1744710046857455262,2401,nose,215
14,1,1744710064318706262,2458,mouth,145
14,1,1744710064498831262,2459,mouth,395
14,1,1744710064919331262,2460,right_eye,155
14,1,1744710065119456262,2461,mouth,110
14,1,1744710065279581262,2462,nose,456
14,1,1744710065755081262,2463,mouth,105
14,1,1744710088085835262,2528,left_eye,601
14,1,1744710113444452262,2570,left_eye,180
14,1,1744710140474573262,2647,left_eye,1456
14,1,1744710254856080262,2932,mouth,220
14,1,1744710274564458262,2992,mouth,205
14,1,1744710372745828262,3264,right_eye,240
14,1,1744710396487946262,3322,left_eye,185
14,1,1744710590828944262,3757,left_eye,80
14,1,1744710590944069262,3758,mouth,255
14,1,1744710734067316262,4119,mouth,160
14,1,1744710734262450262,4120,right_eye,205
14,1,1744710734837941262,4122,mouth,230
14,1,1744710735098191262,4123,nose,140
14,1,1744710736414441262,4130,nose,340
14,1,1744710736789816262,4131,nose,305
14,1,1744710738216191262,4137,nose,380
14,1,1744710763679815262,4210,right_eye,100
14,1,1744710764220311262,4212,nose,90
14,1,1744710764800950262,4214,nose,130
14,1,1744710784759437262,4261,right_eye,420
14,1,1744710785214934262,4262,right_eye,490
14,1,1744711123649978262,5040,mouth,95
14,1,1744711391989812262,5679,mouth,90
14,1,1744711399857191262,5704,mouth,145
14,1,1744711409325945262,5734,mouth,185
13,2,1751030237697672989,409,mouth,95
13,2,1751030237827793989,410,left_eye,130
13,2,1751030346324175989,638,right_eye,140
13,2,1751030458844067989,843,mouth,530
13,2,1751030596732502989,1106,left_eye,265
13,2,1751031147460922989,2205,mouth,85
13,2,1751031379511548989,2705,left_eye,145
13,2,1751031960878265989,3833,left_eye,330
13,2,1751031963360524989,3839,left_eye,315
13,2,1751031979355418989,3871,left_eye,340
13,2,1751032076385851989,4046,left_eye,180
13,2,1751032076611101989,4047,left_eye,75
13,2,1751032076751226989,4048,left_eye,90
13,2,1751032338675172989,4562,mouth,180
13,2,1751032338870422989,4563,nose,225
13,2,1751032339110672989,4564,right_eye,375
13,2,1751032339521048989,4565,nose,260
13,2,1751032339816298989,4566,nose,315
13,2,1751032340161673989,4567,nose,410
13,1,1751026965441366090,453,right_eye,130
13,1,1751027337082560090,1382,right_eye,320
13,1,1751027637237200090,2075,left_eye,380
13,1,1751027732536063090,2216,left_eye,95
13,1,1751027882355626090,2546,left_eye,155
13,1,1751027914205238090,2618,right_eye,956
13,1,1751028445665380090,3684,right_eye,140
13,1,1751028496963232090,3798,left_eye,85
13,1,1751028578273957090,3959,right_eye,641
13,1,1751028768536165090,4315,right_eye,500
13,1,1751028884053785090,4544,right_eye,110
13,1,1751028938129181090,4670,mouth,260
13,1,1751028964283558090,4725,left_eye,120
13,1,1751028964443683090,4726,nose,125
13,1,1751029092162670090,4982,left_eye,140
13,1,1751029186080179090,5188,nose,100
13,1,1751029186350429090,5189,right_eye,80
12,1,1743586538502421504,875,right_eye,150
12,1,1743586538677541504,876,right_eye,916
12,1,1743586541049792504,882,nose,130
12,1,1743586542561168504,886,nose,165
12,1,1743586542756418504,887,left_eye,180
12,1,1743586542971543504,888,right_eye,130
12,1,1743586543131793504,889,left_eye,330
12,1,1743586543497044504,890,nose,180
12,1,1743586543717306504,891,left_eye,205
12,1,1743586552080048504,922,nose,125
12,1,1743586552230173504,923,right_eye,105
12,1,1743586552370298504,924,left_eye,220
12,1,1743586552765673504,925,left_eye,180
12,1,1743586552970923504,926,right_eye,155
12,1,1743586561904183504,952,right_eye,295
12,1,1743586574966432504,993,left_eye,90
12,1,1743586575176557504,994,right_eye,260
12,1,1743586575466807504,995,left_eye,295
12,1,1743586602852315504,1082,right_eye,170
12,1,1743586603057565504,1083,right_eye,80
12,1,1743586605139451504,1086,right_eye,100
12,1,1743586606035316504,1088,nose,1857
12,1,1743586608037191504,1089,nose,295
12,1,1743586608357442504,1090,left_eye,490
12,1,1743586608958077504,1091,left_eye,215
12,1,1743586609318317504,1092,left_eye,586
12,1,1743586610474442504,1094,left_eye,115
12,1,1743586610624567504,1095,left_eye,150
12,1,1743586685419204504,1304,right_eye,340
12,1,1743586685799593504,1305,mouth,195
12,1,1743586686034829504,1306,left_eye,120
12,1,1743586686184954504,1307,right_eye,430
12,1,1743586686765454504,1308,nose,165
12,1,1743586686965580504,1309,right_eye,245
12,1,1743586688176830504,1312,nose,435
12,1,1743586688652205504,1313,right_eye,185
12,1,1743586688867455504,1314,right_eye,220
12,1,1743586689122705504,1315,nose,200
12,1,1743586689497955504,1316,nose,1211
12,1,1743586690739205504,1317,mouth,235
12,1,1743586691014466504,1318,right_eye,255
12,1,1743586691284704504,1319,left_eye,180
12,1,1743586691504830504,1320,mouth,521
12,1,1743586696844830504,1335,right_eye,355
12,1,1743586697220205504,1336,right_eye,180
12,1,1743586697410346504,1337,nose,1001
12,1,1743586698441330504,1338,right_eye,330
12,1,1743586698936830504,1339,left_eye,235
12,1,1743586699207080504,1340,mouth,190
12,1,1743586699427205504,1341,left_eye,601
12,1,1743586700057830504,1342,mouth,130
12,1,1743586851984221504,1767,left_eye,135
12,1,1743587199858104504,2703,right_eye,170
12,1,1743587267015629504,2899,nose,140
12,1,1743587363515472504,3075,right_eye,245
12,1,1743587363795722504,3076,left_eye,260
12,1,1743587364095973504,3077,nose,486
12,1,1743587365327098504,3080,left_eye,85
12,1,1743587365437223504,3081,left_eye,250
12,1,1743587365727474504,3082,left_eye,125
12,1,1743587365882724504,3083,right_eye,355
12,1,1743587366272977504,3084,nose,415
12,1,1743587366733475504,3085,right_eye,245
12,1,1743587367018725504,3086,mouth,325
12,1,1743587367504226504,3087,mouth,180
12,1,1743587367734351504,3088,right_eye,285
12,1,1743587369025605504,3092,mouth,135
12,1,1743587369190727504,3093,mouth,546
12,1,1743587369776233504,3094,nose,245
12,1,1743587370131603504,3095,mouth,350
12,1,1743587370521978504,3096,nose,225
12,1,1743587370782229504,3097,right_eye,330
12,1,1743587371147604504,3098,nose,260
12,1,1743587371517854504,3099,nose,676
12,1,1743587372343730504,3100,nose,230
12,1,1743587372723980504,3101,nose,636
12,1,1743587373394608504,3102,nose,416
12,1,1743587373955232504,3103,mouth,135
12,1,1743587374165356504,3104,nose,566
12,1,1743587374750860504,3105,nose,520
12,1,1743587375301482504,3106,nose,305
12,1,1743587375766858504,3107,mouth,200
12,1,1743587375987108504,3108,mouth,260
12,1,1743587376282362504,3109,right_eye,250
12,1,1743587376562622504,3110,nose,375
12,1,1743587376967984504,3111,left_eye,225
12,1,1743587377298234504,3112,mouth,701
12,1,1743587378038985504,3113,right_eye,210
12,1,1743587384680116504,3132,mouth,240
12,1,1743587384965491504,3133,nose,861
12,1,1743587387407743504,3137,mouth,230
12,1,1743587387657993504,3138,nose,180
12,1,1743587387983243504,3139,nose,120
12,1,1743587637000125504,3851,mouth,80
12,1,1743587993356847504,4801,left_eye,110
12,1,1743587993496973504,4802,right_eye,245
12,1,1743587996604860504,4810,right_eye,205
12,1,1743587996845116504,4811,right_eye,190
12,1,1743588020482010504,4864,right_eye,150
12,1,1743588020662266504,4865,left_eye,120
12,1,1743588020822385504,4866,right_eye,205
12,1,1743588021062636504,4867,mouth,305
12,1,1743588021412886504,4868,left_eye,385
12,1,1743588021828262504,4869,nose,250
12,1,1743588022128640504,4870,nose,125
12,1,1743588031997787504,4892,nose,115
12,1,1743588032152901504,4893,left_eye,140
12,1,1743588032318026504,4894,right_eye,75
12,1,1743588038438785504,4910,left_eye,425
12,1,1743588038899161504,4911,mouth,516
12,1,1743588039459661504,4912,right_eye,270
12,1,1743588039765041504,4913,right_eye,470
12,1,1743588040400538504,4914,right_eye,95
12,1,1743588040670788504,4915,left_eye,150
12,1,1743588040836038504,4916,left_eye,280
12,1,1743588041156298504,4917,right_eye,155
12,1,1743588041476539504,4918,nose,375
12,1,1743588042237291504,4920,left_eye,546
12,1,1743588042817791504,4921,right_eye,190
12,1,1743588548393464504,6234,mouth,100
12,1,1743588698174641504,6684,mouth,315
12,1,1743588698620147504,6685,right_eye,500
12,2,1743590534618886113,1851,mouth,395
12,2,1743590893437839113,2764,mouth,471
12,2,1743591168113571113,3486,mouth,415
12,2,1743591168649071113,3487,nose,415
12,2,1743591174514451113,3503,nose,175
12,2,1743591174759702113,3504,right_eye,190
12,2,1743591174969952113,3505,nose,320
12,2,1743591175370327113,3506,nose,190
12,2,1743591175675577113,3507,left_eye,145
12,2,1743591175845702113,3508,right_eye,260
12,2,1743591176140958113,3509,nose,180
12,2,1743591176356203113,3510,left_eye,335
12,2,1743591176736578113,3511,nose,140
12,2,1743591176911704113,3512,left_eye,105
12,2,1743591194833346113,3549,mouth,160
12,2,1743591195023597113,3550,mouth,530
12,2,1743591195579097113,3551,left_eye,235
12,2,1743591195849347113,3552,mouth,115
12,2,1743591196610098113,3555,mouth,611
12,2,1743591197465849113,3557,mouth,115
12,2,1743591198576858113,3559,mouth,95
12,2,1743591198706976113,3560,mouth,145
12,2,1743591198887226113,3561,nose,315
12,2,1743591199237476113,3562,left_eye,145
12,2,1743591358189658113,3938,mouth,105
12,2,1743591516882247113,4364,right_eye,420
12,2,1743591540874500113,4428,right_eye,195
12,2,1743591599178759113,4594,right_eye,85
12,2,1743591607156148113,4615,mouth,315
15,1,1746609938384147946,619,left_eye,435
15,1,1746609953303020946,654,left_eye,70
15,1,1746610328662599946,1802,mouth,320
15,1,1746610666046713946,2784,right_eye,175
15,1,1746610666246963946,2785,right_eye,85
15,1,1746610698521968946,2871,left_eye,180
15,1,1746610698777218946,2872,left_eye,556
15,1,1746610702330470946,2883,left_eye,110
15,1,1746610703146347946,2885,left_eye,250
15,1,1746610754403982946,2961,right_eye,140
15,1,1746610754569235946,2962,right_eye,175
15,1,1746610756165611946,2966,nose,100
15,1,1746610756380857946,2967,right_eye,270
15,1,1746610757787108946,2970,right_eye,140
15,1,1746611158420190946,4090,right_eye,120
15,1,1746611327412592946,4557,right_eye,95
15,1,1746611333147964946,4570,nose,115
15,1,1746611333513214946,4571,left_eye,140
15,1,1746611333713464946,4572,left_eye,265
15,1,1746611334093844946,4573,right_eye,260
15,1,1746611334374089946,4574,right_eye,430
15,1,1746611334839464946,4575,left_eye,265
15,1,1746611335219839946,4576,left_eye,165
15,1,1746611335410099946,4577,right_eye,150
15,1,1746611335595214946,4578,left_eye,205
15,1,1746611336771339946,4580,nose,295
15,1,1746611337371842946,4581,right_eye,420
15,1,1746611337867339946,4582,right_eye,115
15,1,1746611338047464946,4583,nose,195
15,1,1746611338317714946,4584,nose,135
15,1,1746611338502967946,4585,right_eye,165
15,1,1746611338703089946,4586,right_eye,200
15,1,1746611345534469946,4609,nose,230
15,1,1746611345789714946,4610,right_eye,165
15,1,1746611345989839946,4611,nose,300
15,1,1746611346325214946,4612,left_eye,170
15,1,1746611346530339946,4613,nose,586
15,1,1746611373145216946,4670,right_eye,230
15,1,1746611374261216946,4673,left_eye,150
15,1,1746611375347224946,4676,right_eye,175
15,1,1746611376683481946,4678,left_eye,175
15,1,1746611376893716946,4679,left_eye,130
15,1,1746611377354091946,4681,right_eye,796
15,1,1746611378174841946,4682,left_eye,390
15,1,1746611402372355946,4711,right_eye,626
15,1,1746611421430088946,4728,mouth,150
15,1,1746611485965220946,4902,mouth,661
15,1,1746611945182879946,6131,right_eye,250
15,1,1746612023585796946,6345,mouth,115
15,1,1746612023746046946,6346,right_eye,100
15,1,1746612045145931946,6395,nose,115
15,1,1746612045376182946,6396,right_eye,180
15,1,1746612045596307946,6397,mouth,240
15,1,1746612045956682946,6398,mouth,180
15,1,1746612051036435946,6412,right_eye,405
15,2,1746613166810238135,200,left_eye,105
15,2,1746613170613941135,210,mouth,205
15,2,1746613172660818135,216,mouth,165
15,2,1746613181153703135,238,left_eye,225
15,2,1746613437566972135,952,left_eye,290
15,2,1746613470322444135,1036,left_eye,260
15,2,1746613472524442135,1043,left_eye,105
15,2,1746613773359557135,1879,right_eye,220
15,2,1746613777658562135,1896,left_eye,135
15,2,1746613779415183135,1900,nose,295
15,2,1746613858268557135,2084,left_eye,80
15,2,1746613858373685135,2085,right_eye,140
15,2,1746614265076937135,3112,left_eye,580
15,2,1746614477579670135,3666,left_eye,120
15,2,1746614482269035135,3680,right_eye,265
15,2,1746614482574286135,3681,right_eye,165
15,2,1746614506596659135,3744,left_eye,611
15,2,1746614512056659135,3759,left_eye,200
15,2,1746614512316909135,3760,left_eye,451
15,2,1746614512822410135,3761,left_eye,380
15,2,1746614513272791135,3762,right_eye,170
15,2,1746614513568160135,3763,right_eye,601
15,2,1746614514218660135,3764,left_eye,606
15,2,1746614514989410135,3765,right_eye,481
15,2,1746614515825160135,3767,left_eye,240
15,2,1746614517536785135,3771,mouth,175
15,2,1746614518828035135,3774,left_eye,300
15,2,1746614522686536135,3782,left_eye,310
15,2,1746614523667548135,3785,right_eye,150
15,2,1746614526014661135,3787,left_eye,721
15,2,1746614534667789135,3807,right_eye,220
15,2,1746614540302911135,3821,left_eye,280
15,2,1746614543646041135,3825,left_eye,3658
15,2,1746614664293289135,4031,right_eye,145
15,2,1746614665564539135,4034,right_eye,180
15,2,1746614681749541135,4073,left_eye,205
15,2,1746614682009791135,4074,right_eye,150
15,2,1746614689872167135,4097,right_eye,205
15,2,1746614777423540135,4301,right_eye,125
15,2,1746614788799163135,4327,right_eye,185
15,2,1746615020694813135,4887,left_eye,666
15,2,1746615076321549135,5023,right_eye,75
15,2,1746615185372996135,5269,mouth,420
15,2,1746615235069206135,5384,right_eye,125
15,2,1746615235384581135,5386,right_eye,95
15,2,1746615289139556135,5526,right_eye,250
15,2,1746615296806678135,5547,right_eye,265
15,2,1746615317335803135,5597,left_eye,300
15,2,1746615317991420135,5599,right_eye,185
15,2,1746615318221670135,5600,left_eye,175
15,2,1746615319472794135,5603,right_eye,621
15,2,1746615321334543135,5605,right_eye,405
15,2,1746615321769918135,5606,right_eye,550
15,2,1746615322445543135,5607,right_eye,190
15,2,1746615325418292135,5613,left_eye,370
15,2,1746615325833667135,5614,left_eye,681
15,2,1746615329126799135,5621,right_eye,400
23,1,1749731729423292595,273,right_eye,110
23,1,1749731732971674595,279,nose,205
23,1,1749731979981793595,886,left_eye,95
23,1,1749732130997328595,1262,mouth,165
23,1,1749732258666402595,1589,mouth,120
23,1,1749732489066151595,2186,mouth,540
23,1,1749732490052025595,2188,mouth,170
23,1,1749732550338234595,2302,nose,235
23,1,1749732561878973595,2329,mouth,590
23,1,1749732562509597595,2330,mouth,85
23,1,1749732562754733595,2331,nose,150
23,1,1749732562944972595,2332,mouth,555
23,1,1749732563735721595,2333,mouth,545
23,1,1749732732813268595,2738,left_eye,130
23,1,1749732733924383595,2741,mouth,155
23,1,1749733179975151595,3825,mouth,265
23,1,1749733180260401595,3826,mouth,310
23,1,1749733271385360595,4066,nose,105
23,1,1749733275924620595,4079,mouth,485
23,1,1749733276424982595,4080,mouth,335
23,1,1749733289186849595,4101,nose,410
23,1,1749733289622349595,4102,nose,225
23,1,1749733290718349595,4104,nose,110
23,1,1749733290973598595,4105,mouth,145
23,1,1749733291253848595,4106,mouth,195
23,1,1749733296693969595,4112,mouth,165
23,1,1749733296899094595,4113,mouth,280
23,1,1749733300277217595,4119,right_eye,155
23,1,1749733300657592595,4120,mouth,205
23,1,1749733300877841595,4121,mouth,80
23,1,1749733302464340595,4123,nose,135
23,1,1749733302624465595,4124,nose,250
23,1,1749733302959715595,4125,nose,140
23,1,1749733303445215595,4126,mouth,110
23,1,1749733306462967595,4128,mouth,95
23,1,1749733308319711595,4132,mouth,90
23,1,1749733309325710595,4135,mouth,70
23,1,1749733311477708595,4138,right_eye,150
23,1,1749733311858083595,4139,nose,370
23,1,1749733312388583595,4140,mouth,615
23,1,1749733313019082595,4141,nose,105
23,1,1749733313149207595,4142,mouth,105
23,1,1749733313284332595,4143,mouth,295
23,1,1749733313609707595,4144,mouth,160
23,1,1749733369676902595,4271,nose,75
23,1,1749733369787027595,4272,nose,95
23,1,1749733524701434595,4608,mouth,165
23,1,1749733734311878595,5176,left_eye,626
23,1,1749733792250865595,5337,right_eye,130
23,1,1749733799582616595,5358,right_eye,886
23,1,1749733892644390595,5606,mouth,185
23,1,1749733893835516595,5610,mouth,120
23,2,1749735684389497303,697,mouth,616
23,2,1749736340470768303,2228,left_eye,160
23,2,1749736363552268303,2281,left_eye,110
23,2,1749736363802518303,2282,left_eye,100
23,2,1749736364097768303,2283,left_eye,290
23,2,1749736370568769303,2302,left_eye,85
23,2,1749736370743911303,2303,left_eye,100
23,2,1749736561006207303,2790,mouth,100
23,2,1749736866220618303,3516,mouth,100
23,2,1749736868682867303,3523,mouth,130
23,2,1749736883801989303,3555,nose,75
23,2,1749736884347491303,3557,mouth,90
23,2,1749736890343112303,3568,mouth,115
23,2,1749737068574208303,3968,right_eye,90
23,2,1749737271152860303,4535,right_eye,100
23,2,1749737271343110303,4536,mouth,150
23,2,1749737372412242303,4794,left_eye,130
23,2,1749737372842617303,4796,right_eye,75
23,2,1749737372932742303,4797,right_eye,125
23,2,1749737373072867303,4798,right_eye,130
24,1,1749807230508925132,1332,right_eye,125
24,1,1749807523071768132,2163,left_eye,310
24,1,1749807523412143132,2164,left_eye,926
24,1,1749807524363022132,2165,left_eye,175
24,1,1749807524573268132,2166,nose,160
24,1,1749807524758397132,2167,left_eye,330
24,1,1749807525118768132,2168,right_eye,215
24,1,1749807525358898132,2169,left_eye,185
24,1,1749807525574143132,2170,nose,170
24,1,1749807525764268132,2171,left_eye,230
24,1,1749807526024518132,2172,mouth,275
24,1,1749807535978896132,2200,nose,130
24,1,1749807590724911132,2353,nose,145
24,1,1749807590900036132,2354,left_eye,185
24,1,1749807591130286132,2355,left_eye,140
24,1,1749807591300411132,2356,left_eye,170
24,1,1749807619486792132,2431,left_eye,130
24,1,1749807655755558132,2477,mouth,235
24,1,1749807656010802132,2478,right_eye,511
24,1,1749807656551303132,2479,right_eye,280
24,1,1749807656861553132,2480,nose,195
24,1,1749807657076803132,2481,nose,145
24,1,1749807657337053132,2482,nose,365
24,1,1749807657732428132,2483,nose,170
24,1,1749807657932553132,2484,left_eye,175
24,1,1749807658137803132,2485,nose,210
24,1,1749807658378055132,2486,nose,155
24,1,1749807658563178132,2487,right_eye,170
24,1,1749808071328157132,3569,left_eye,170
24,1,1749808380501499132,4389,left_eye,85
24,1,1749808465666021132,4634,mouth,335
24,1,1749808751877951132,5423,left_eye,80
24,1,1749808937726245132,5899,mouth,125
24,1,1749809136101291132,6481,right_eye,155
24,1,1749809139854787132,6493,left_eye,170
24,1,1749809140300162132,6495,left_eye,190
24,1,1749809141886663132,6500,right_eye,125
24,1,1749809142387163132,6502,right_eye,115
24,1,1749809142537290132,6503,right_eye,155
24,2,1749810668499798732,411,mouth,250
24,2,1749810668790060732,412,right_eye,305
24,2,1749810794447294732,750,left_eye,155
24,2,1749811098766089732,1614,mouth,315
24,2,1749811172554959732,1803,mouth,200
24,2,1749811367746962732,2363,left_eye,130
24,2,1749811367912079732,2364,nose,400
24,2,1749811368352579732,2365,left_eye,150
24,2,1749811368542704732,2366,right_eye,280
24,2,1749811368867954732,2367,mouth,305
24,2,1749811369208329732,2368,nose,135
24,2,1749811378867329732,2397,nose,225
24,2,1749811385183203732,2417,right_eye,250
24,2,1749811845247282732,3682,right_eye,265
24,2,1749811945095456732,3958,left_eye,205
24,2,1749811945355692732,3959,right_eye,425
24,2,1749812003675089732,4124,mouth,225
24,2,1749812076838243732,4340,mouth,135
24,2,1749812228054295732,4777,mouth,160
24,2,1749812326846498732,5069,right_eye,195
24,2,1749812327837362732,5072,right_eye,210
24,2,1749812399314040732,5268,right_eye,150
24,2,1749812433135560732,5363,right_eye,696
24,2,1749812530916732732,5625,left_eye,315
24,2,1749812622146905732,5893,mouth,255
24,2,1749812676172308732,6061,right_eye,270
24,2,1749812800708376732,6421,mouth,70
24,2,1749812832663146732,6526,mouth,200
24,2,1749812838068274732,6542,mouth,125
24,2,1749812838228399732,6543,mouth,85
33,1,1752312001422702839,242,mouth,260
33,1,1752312011326944839,268,mouth,140
33,1,1752312011492198839,269,nose,150
33,1,1752312197620612839,646,mouth,75
33,1,1752312455355584839,1173,mouth,511
33,1,1752313578532111839,3817,right_eye,430
33,1,1752313764245150839,4270,mouth,115
33,1,1752313764375275839,4271,mouth,70
33,1,1752313764485400839,4272,left_eye,85
33,1,1752313940544381839,4717,left_eye,365
33,1,1752313941300128839,4719,mouth,115
33,2,1752315622800170693,2247,mouth,120
33,2,1752315943229265693,3024,mouth,85
33,2,1752316096306972693,3409,mouth,75
33,2,1752316096407097693,3410,left_eye,105
33,2,1752316405660265693,4162,right_eye,75
33,2,1752316505808605693,4425,right_eye,245
33,2,1752316722090271693,4917,left_eye,110
33,2,1752316745396910693,4971,mouth,130
33,2,1752316745552035693,4972,mouth,335
33,2,1752316748294662693,4979,mouth,145
33,2,1752316748454787693,4980,mouth,180
33,2,1752316760060669693,5009,mouth,556
33,2,1752316763408800693,5017,mouth,330
33,2,1752316763774049693,5018,mouth,130
32,2,1751286959532507112,1620,mouth,80
32,2,1751286959672632112,1621,mouth,145
32,2,1751287015839983112,1692,mouth,165
32,2,1751287016030108112,1693,mouth,405
32,2,1751287023276982112,1702,nose,340
32,2,1751287024292852112,1704,left_eye,90
32,2,1751287024412981112,1705,left_eye,175
32,2,1751287024613102112,1706,left_eye,400
32,2,1751287025048608112,1707,mouth,225
32,2,1751287025303852112,1708,mouth,145
32,2,1751287253656639112,2207,mouth,255
32,1,1751283408301237467,830,mouth,230
32,1,1751283664785579467,1448,left_eye,215
32,1,1751283831375546467,1804,mouth,325
32,1,1751283859176426467,1852,mouth,1141
32,1,1751283888058428467,1909,mouth,185
32,1,1751285233362878467,5097,right_eye,450
32,1,1751285234043503467,5098,left_eye,345
