Participant,Recording,assigned_aoi,aoi_area
30,1,right_eye,616.0862630578232
30,1,left_eye,495.9083341379318
30,1,nose,231.4791176118934
30,1,mouth,576.5262851923517
30,1,right_eye,446.3104817095069
30,1,left_eye,111.23274260356882
30,1,nose,49.07512826527421
30,1,mouth,251.38164742165006
30,1,right_eye,314.3971525088262
30,1,left_eye,226.60726766144057
30,1,nose,93.87038085085445
30,1,mouth,293.1251989788788
30,1,nose,362.3789169555598
30,1,right_eye,275.14561358978693
30,1,left_eye,61.221997370391826
30,1,nose,57.46906257518154
30,1,mouth,278.1633264646397
30,1,right_eye,348.04510586494996
30,1,left_eye,90.58047590687221
30,1,nose,63.38440322878776
30,1,mouth,303.99001499939004
30,1,left_eye,248.88836140533692
30,1,nose,140.85708951598738
30,1,right_eye,397.6595331306861
30,1,left_eye,368.6762331090059
30,1,nose,133.05581409814152
30,1,mouth,444.60841966216645
30,1,right_eye,172.87627258895773
30,1,nose,123.03642625183423
30,1,right_eye,400.87231715729223
30,1,left_eye,117.25794875648606
30,1,nose,80.1663073968227
30,1,mouth,346.703426689399
30,1,right_eye,310.59100195247447
30,1,nose,297.063405527132
30,1,right_eye,93.11126712853459
30,1,left_eye,345.8726630965093
30,1,nose,107.88137133153565
30,1,mouth,258.13469844342046
30,1,right_eye,522.3625652580461
30,1,nose,211.94161773908772
30,1,right_eye,233.20844701965171
30,1,left_eye,55.90297227200278
30,1,nose,37.58368325923368
30,1,mouth,167.30489744911185
30,1,nose,602.4704522364468
30,1,nose,565.8754731602637
30,1,right_eye,378.974622798923
30,1,left_eye,168.3847294308463
30,1,nose,86.54759776106505
30,1,mouth,290.0930500091656
30,2,right_eye,349.3839256567054
30,2,left_eye,90.31780228227879
30,2,nose,60.40736592986151
30,2,mouth,279.8909061311543
30,2,right_eye,787.097329651623
30,2,nose,363.09343284110025
30,2,right_eye,146.9505074359314
30,2,left_eye,350.4716435037689
30,2,nose,70.3993268422892
30,2,mouth,282.17852221801047
30,2,right_eye,491.34474496704956
30,2,left_eye,121.40591532095947
30,2,nose,37.30497204855373
30,2,mouth,321.9443676634373
30,2,nose,551.200349628109
30,2,right_eye,509.58209871476595
30,2,left_eye,185.35154010421354
30,2,nose,78.63664237018054
30,2,mouth,497.42971881084
30,2,left_eye,307.6704619580127
30,2,nose,110.86998292482346
30,2,right_eye,164.86429618998898
30,2,left_eye,266.9423018855937
30,2,nose,78.77960552307188
30,2,mouth,209.41379640134545
30,2,right_eye,192.9465273399166
30,2,left_eye,173.59574087409356
30,2,nose,71.31952885716356
30,2,mouth,142.13820292882625
30,2,right_eye,228.03145933521643
30,2,left_eye,317.1929098180585
30,2,nose,63.261115069586836
30,2,mouth,379.51451577713823
30,2,nose,643.1715465052453
36,2,left_eye,338.56859552715036
36,2,nose,209.5969651762711
36,2,nose,534.1548997459051
36,2,right_eye,386.8592321319643
36,2,left_eye,96.79820297949254
36,2,nose,45.498646375064546
36,2,mouth,238.84391851347866
36,2,right_eye,86.87703196656727
36,2,left_eye,210.40077422222143
36,2,nose,47.44516690919146
36,2,mouth,149.27702690201988
36,2,right_eye,45.866670987209105
36,2,left_eye,134.03042216629373
36,2,nose,32.56520562220568
36,2,mouth,87.53770122429148
36,2,right_eye,101.67609849527194
36,2,left_eye,82.18508689622502
36,2,nose,34.672307308898816
36,2,mouth,81.46650729960422
36,2,right_eye,237.91678904024337
36,2,left_eye,141.33261802264911
36,2,nose,53.74531888212883
36,2,mouth,155.0052740549787
36,2,right_eye,306.66293457395307
36,2,nose,268.2976415329538
36,2,mouth,617.7299788778083
36,2,right_eye,275.2371479743481
36,2,left_eye,88.8688487368845
36,2,nose,43.43160881399211
36,2,mouth,112.23686776842219
36,2,right_eye,744.5118327963438
36,2,left_eye,186.45727675976815
36,2,nose,75.61295437233852
36,2,mouth,593.4179360715495
36,2,right_eye,119.71361458871615
36,2,left_eye,676.4537332741941
36,2,nose,80.61069428032064
36,2,mouth,580.2219578567692
36,2,nose,710.3390742912663
36,2,right_eye,35.45406447044209
36,2,left_eye,74.53181022267009
36,2,nose,17.374779446892436
36,2,mouth,52.63934585999537
36,2,nose,422.49975817874815
36,2,right_eye,155.77844026283356
36,2,left_eye,499.7075221095399
36,2,nose,84.75387324580792
36,2,mouth,468.76016438181864
36,2,left_eye,362.10522766497877
36,2,nose,134.955574011015
36,2,right_eye,49.019395602931176
36,2,left_eye,44.07371589795715
36,2,nose,18.28190905421804
36,2,mouth,42.62497944489363
36,2,right_eye,96.61999537156632
36,2,left_eye,100.66948503036991
36,2,nose,33.97889448143328
36,2,mouth,88.7316251166305
36,2,right_eye,368.7787348706768
36,2,left_eye,172.7080469719832
36,2,nose,76.76634960058448
36,2,mouth,239.74686855675552
36,2,right_eye,180.1194017164393
36,2,left_eye,214.0327940238485
36,2,nose,75.95914471584783
36,2,mouth,196.88865954386438
36,2,right_eye,65.05407025720444
36,2,left_eye,96.80102911141537
36,2,nose,35.72611278545969
36,2,mouth,72.41878784592048
36,2,right_eye,250.78405594453534
36,2,left_eye,803.6191574663843
36,2,nose,88.75440637920403
36,2,mouth,676.8423802098762
36,2,right_eye,488.4862435299034
36,2,nose,251.02999542061218
36,2,mouth,793.5330293577126
36,2,right_eye,77.88164860352856
36,2,left_eye,52.03281368501631
36,2,nose,22.65305238817764
36,2,mouth,68.43248532327749
36,2,right_eye,153.40518172733337
36,2,left_eye,291.06905479215254
36,2,nose,61.696090085614635
36,2,mouth,213.82967339489943
36,2,right_eye,79.9396439037073
36,2,left_eye,44.11305996254633
36,2,nose,20.466720815804386
36,2,mouth,59.48057531794197
36,2,right_eye,113.04407592241674
36,2,left_eye,136.44730090114862
36,2,nose,41.44691428692643
36,2,mouth,123.06170888950822
36,2,nose,464.00994009499647
36,2,nose,383.4103058441195
36,2,right_eye,156.20550110382538
36,2,left_eye,381.5943119981449
36,2,nose,54.11189146954662
36,2,mouth,258.0882954284831
36,2,right_eye,99.64124403157615
36,2,left_eye,98.08445694027188
36,2,nose,30.06822037019631
36,2,mouth,92.20607865795567
36,2,nose,484.18843912092234
36,1,right_eye,276.8242335702612
36,1,left_eye,115.89450619305711
36,1,nose,26.14199478043352
36,1,mouth,211.13926545624824
36,1,right_eye,121.07247609038504
36,1,left_eye,100.0108400751363
36,1,nose,42.91114823688858
36,1,mouth,116.00553559759008
36,1,nose,506.39692880612085
36,1,right_eye,285.5935752114705
36,1,left_eye,420.1743087321594
36,1,nose,113.85051898651086
36,1,mouth,350.38159706985925
36,1,left_eye,623.556247597964
36,1,nose,330.495155254829
36,1,right_eye,218.97256406812755
36,1,left_eye,123.44017070973445
36,1,nose,61.07294019118326
36,1,mouth,263.51432503095475
36,1,right_eye,53.83816000729604
36,1,left_eye,146.72507638200355
36,1,nose,29.812919060685736
36,1,mouth,105.6238445500147
36,1,right_eye,150.25715681641424
36,1,left_eye,291.30599102070863
36,1,nose,60.29402095353926
36,1,mouth,218.14283120933783
36,1,right_eye,90.03383307340306
36,1,left_eye,283.4899124322478
36,1,nose,37.422284579340555
36,1,mouth,261.05396991500857
36,1,right_eye,433.33267561250045
36,1,nose,255.46924518917837
36,1,right_eye,550.6140054172199
36,1,nose,347.04741233981605
36,1,right_eye,639.2263438899397
36,1,nose,297.74907090462716
36,1,right_eye,476.4971237751154
36,1,nose,245.3859999740071
36,1,right_eye,313.828489896337
36,1,nose,213.40933643717702
36,1,mouth,774.4206939617243
09,2,left_eye,797.2779937495766
09,2,nose,286.7480048614199
09,2,right_eye,521.2815197367308
09,2,nose,117.23729814727581
09,2,mouth,550.4549058413268
09,2,right_eye,140.01043882204306
09,2,left_eye,180.6622076579743
09,2,nose,56.49768385216069
09,2,mouth,168.82966966782195
09,2,right_eye,510.0049217643349
09,2,left_eye,298.1881401729529
09,2,nose,152.3117395873028
09,2,mouth,433.4951984754095
09,2,right_eye,223.33887140025104
09,2,left_eye,92.97513386766126
09,2,nose,48.69160458085684
09,2,mouth,201.99439015123085
09,2,right_eye,178.36833616362773
09,2,left_eye,525.6163287855801
09,2,nose,113.55006704075176
09,2,mouth,391.4652680100404
09,2,right_eye,126.95689619700156
09,2,left_eye,219.22909565924402
09,2,nose,57.148189430267664
09,2,mouth,163.66581871348674
09,2,right_eye,134.3198281627914
09,2,left_eye,223.41787464855392
09,2,nose,80.13899367771599
09,2,mouth,252.12330351093865
09,2,right_eye,510.47504883778123
09,2,left_eye,385.1015602957772
09,2,nose,179.61357084596898
09,2,mouth,420.80982002047267
09,2,right_eye,181.08997591345366
09,2,left_eye,144.61073467353407
09,2,nose,52.57929651408918
09,2,mouth,141.71999289892312
09,2,right_eye,690.3921216270018
09,2,nose,381.00085224545796
09,2,right_eye,291.1822141973926
09,2,left_eye,616.8820798205362
09,2,nose,148.13336741745474
09,2,mouth,303.8023385646163
09,2,right_eye,647.3134950254025
09,2,left_eye,334.7503177789972
09,2,nose,170.22816105426938
09,2,mouth,467.70802614133083
09,2,right_eye,739.4889301218891
09,2,right_eye,457.99905570757113
09,2,right_eye,252.6302003476252
09,2,left_eye,273.611491476056
09,2,nose,91.78224313567577
09,2,mouth,396.97606504064305
09,2,right_eye,117.81469421058944
09,2,left_eye,329.35993932107516
09,2,nose,50.118028968439944
09,2,mouth,238.70733749989546
09,2,right_eye,245.2792767736085
09,2,left_eye,555.1367134326811
09,2,nose,167.32544165157577
09,2,mouth,472.25856814213466
09,2,right_eye,138.12448105328656
09,2,left_eye,323.6338259917343
09,2,nose,82.2244254593161
09,2,mouth,224.01726749566308
09,2,right_eye,648.1813210918906
09,2,nose,238.11282185565472
09,2,mouth,518.1291208578607
09,2,right_eye,63.55608774801136
09,2,left_eye,363.57656389115334
09,2,nose,66.87429119653426
09,2,mouth,253.99305716430104
09,2,right_eye,135.51310458720374
09,2,left_eye,159.47473065243008
09,2,nose,53.42293122387311
09,2,mouth,191.58923353649308
09,2,right_eye,197.9071764685834
09,2,left_eye,57.0554377233829
09,2,nose,33.65544491946814
09,2,mouth,125.38194088856557
09,2,right_eye,91.78846630514552
09,2,left_eye,137.35678945395645
09,2,nose,21.132987164238862
09,2,mouth,124.72175707665916
09,2,right_eye,678.2786130221457
09,2,left_eye,148.36926564571746
09,2,nose,54.14830673512249
09,2,mouth,495.20381459701434
09,2,right_eye,296.3376761139016
09,2,left_eye,86.62967585037363
09,2,nose,51.81970517267669
09,2,mouth,203.21294286304806
09,2,right_eye,269.5032143943381
09,2,left_eye,111.59129425423842
09,2,nose,57.64267026297864
09,2,mouth,199.26282108844484
09,2,right_eye,82.85952782668093
09,2,left_eye,173.9455780256004
09,2,nose,54.46285941418592
09,2,mouth,106.73203473353273
09,2,right_eye,49.34998495961085
09,2,left_eye,76.94426570001927
09,2,nose,25.878505960019496
09,2,mouth,68.8272433803504
09,2,right_eye,59.68510988066808
09,2,left_eye,67.16522001881918
09,2,nose,30.553579959943253
09,2,mouth,50.5960901405695
09,2,right_eye,141.61487819476977
09,2,left_eye,71.40770466995245
09,2,nose,36.247499056330284
09,2,mouth,90.72991807894749
09,2,right_eye,49.80426401382982
09,2,left_eye,89.91366766828102
09,2,nose,28.13016001173185
09,2,mouth,70.1519083061573
09,2,right_eye,93.040873534708
09,2,left_eye,153.3872850302386
09,2,nose,44.886896221378635
09,2,mouth,122.68494521367475
09,2,right_eye,783.487823096171
09,2,left_eye,352.4631490428045
09,2,nose,199.01216336164185
09,2,mouth,715.0368644993825
09,2,right_eye,164.69805319504135
09,2,left_eye,141.39356895326858
09,2,nose,61.49477960653055
09,2,mouth,152.4135982451595
09,2,right_eye,122.94931699156321
09,2,left_eye,83.64307898624611
09,2,nose,40.35297928668051
09,2,mouth,105.05462473551017
09,2,right_eye,326.08844700577777
09,2,left_eye,175.84370668868942
09,2,nose,100.7115464399271
09,2,mouth,333.3562998656057
09,2,left_eye,353.51020534972633
09,2,nose,137.35904307047275
09,2,left_eye,336.16399554525634
09,2,nose,97.86974248755662
09,2,right_eye,172.39802678139478
09,2,left_eye,55.83420628430288
09,2,nose,29.873794405392033
09,2,mouth,98.8939725289103
09,2,right_eye,230.0210926023637
09,2,left_eye,119.81061792996054
09,2,nose,53.321563182561306
09,2,mouth,136.84672628511447
09,2,left_eye,132.40543246673508
09,2,nose,171.28157598949676
09,2,mouth,551.973430402027
09,2,right_eye,192.7703437633196
09,2,left_eye,331.91494986366587
09,2,nose,76.43939316276467
09,2,mouth,173.87531321024983
09,2,right_eye,314.48317011327083
09,2,left_eye,728.8172284540839
09,2,nose,205.25385830408763
09,2,mouth,584.4457431285578
09,2,right_eye,95.05865323841809
09,2,left_eye,147.0152659809665
09,2,nose,40.89719211086798
09,2,mouth,113.02888866974746
09,2,right_eye,50.7138800077093
09,2,left_eye,56.453292950028725
09,2,nose,17.158774765725266
09,2,mouth,43.674052276536706
09,2,right_eye,510.26607302526963
09,2,nose,168.87667442798448
09,2,mouth,739.5313521062387
09,2,right_eye,220.74210877613817
09,2,left_eye,151.28404577134003
09,2,nose,88.4421760349367
09,2,mouth,264.5316694175851
09,2,right_eye,318.4348894991192
09,2,left_eye,80.02401210866633
09,2,nose,27.965350162875684
09,2,mouth,263.5757482293387
09,2,right_eye,416.0200022342623
09,2,left_eye,96.40448440141255
09,2,nose,64.15044753117317
09,2,mouth,351.425065833152
09,2,nose,684.9645154599497
09,2,right_eye,231.8461030342471
09,2,left_eye,270.9290076580229
09,2,nose,96.23667257129839
09,2,mouth,275.9882167364317
09,2,nose,756.7014651999223
09,2,right_eye,130.18742618391505
09,2,left_eye,186.25678790600804
09,2,nose,59.32635458026252
09,2,mouth,149.22943132981442
09,2,right_eye,46.536991948464916
09,2,left_eye,70.96062262401607
09,2,nose,20.43179040863143
09,2,mouth,54.0705950188876
09,2,right_eye,113.85372582193708
09,2,left_eye,58.65041540702434
09,2,nose,28.289438811257323
09,2,mouth,84.20641995978124
09,2,right_eye,117.89884672595
09,2,left_eye,124.98238436783116
09,2,nose,45.169349728876526
09,2,mouth,125.94941917734234
09,2,right_eye,71.062557696861
09,2,left_eye,201.5083293403965
09,2,nose,42.09386526938272
09,2,mouth,189.33524769335975
09,2,right_eye,312.24827541055845
09,2,left_eye,153.50106803790453
09,2,nose,76.45501535390439
09,2,mouth,201.7956411976326
09,2,right_eye,54.0676032813583
09,2,left_eye,112.7338576893105
09,2,nose,36.82331168000278
09,2,mouth,81.37522734932841
09,2,right_eye,80.23088742000019
09,2,left_eye,271.19037573899396
09,2,nose,48.49488541681944
09,2,mouth,238.08385142418638
09,2,right_eye,180.69149106952844
09,2,left_eye,411.43791775916907
09,2,nose,87.42750583688748
09,2,mouth,308.44308533441506
09,2,right_eye,336.7152823404069
09,2,left_eye,114.6626530632885
09,2,nose,94.67351420743034
09,2,mouth,153.94855038887428
09,2,right_eye,56.47229255368903
09,2,left_eye,177.270738778662
09,2,nose,33.616765529406486
09,2,mouth,92.64020313824246
09,2,right_eye,145.21405064978924
09,2,left_eye,122.19605422932008
09,2,nose,71.00791543484809
09,2,mouth,233.58197968604262
09,1,right_eye,182.24148961279025
09,1,left_eye,109.71777670225754
09,1,nose,45.99435490764978
09,1,mouth,76.04637877730241
09,1,right_eye,105.73042538742575
09,1,left_eye,29.52248313139341
09,1,nose,24.350452929252874
09,1,mouth,78.39663855192796
09,1,right_eye,57.1303646200315
09,1,left_eye,153.44735134454726
09,1,nose,27.562204006362684
09,1,mouth,91.86008002905857
09,1,right_eye,265.950705838413
09,1,left_eye,183.92071982407867
09,1,nose,70.0456287618475
09,1,mouth,280.08294557566074
09,1,right_eye,258.2005479171482
09,1,left_eye,133.14134973938823
09,1,nose,78.39343782756802
09,1,mouth,168.2646645158956
09,1,right_eye,237.4616423635183
09,1,left_eye,81.6037875733777
09,1,nose,22.580675959287
09,1,mouth,228.35389410381697
09,1,right_eye,302.3358238023688
09,1,left_eye,257.19975996811723
09,1,nose,78.01916154685978
09,1,mouth,226.4452546826542
09,1,right_eye,292.9330034902447
09,1,left_eye,64.26407531187819
09,1,nose,43.516835965970046
09,1,mouth,259.28608523190707
09,1,right_eye,186.34936710928332
09,1,left_eye,135.94643259323146
09,1,nose,59.451405736191276
09,1,mouth,143.2527945612939
09,1,nose,515.9004708228733
09,1,right_eye,399.3047248136279
09,1,left_eye,189.1683490523423
09,1,nose,102.68827902218152
09,1,mouth,352.83864711184833
09,1,right_eye,316.9828852744436
09,1,left_eye,378.3697935092981
09,1,nose,156.02408763654086
09,1,mouth,364.6232335797175
09,1,right_eye,61.53795925011623
09,1,left_eye,181.6907184347885
09,1,nose,34.241916414535154
09,1,mouth,118.5294059005601
09,1,right_eye,243.65352568828627
09,1,left_eye,431.0427314066692
09,1,nose,132.75934223959342
09,1,mouth,332.54440066545106
09,1,right_eye,503.3319774463465
09,1,nose,400.6586048822499
09,1,right_eye,363.2284077308258
09,1,left_eye,302.7524439388203
09,1,nose,84.0612047183231
09,1,mouth,293.9579436120308
09,1,nose,628.5430957046619
09,1,right_eye,405.4439170973062
09,1,nose,351.56596522088176
09,1,right_eye,108.78822964187916
09,1,left_eye,300.72374283791044
09,1,nose,43.29771290954965
09,1,mouth,251.19031461066072
09,1,right_eye,135.3955763755252
09,1,left_eye,86.81385309449415
09,1,nose,34.97849499652788
09,1,mouth,116.81207553345277
09,1,right_eye,177.2499088444648
09,1,left_eye,230.7120380442911
09,1,nose,71.97451084370442
09,1,mouth,187.06354226753967
09,1,right_eye,579.3820725769473
09,1,left_eye,403.2524020923407
09,1,nose,175.6110639074643
09,1,mouth,405.7544614232477
09,1,right_eye,253.7491890355761
09,1,left_eye,350.2846567816854
09,1,nose,121.26162266687439
09,1,mouth,376.7045315158641
09,1,right_eye,127.2774929455479
09,1,left_eye,122.10233795977527
09,1,nose,35.196931189069915
09,1,mouth,114.42323790560691
09,1,right_eye,46.552442409468895
09,1,left_eye,34.10874543634898
09,1,nose,17.401957780205713
09,1,mouth,31.93685437397641
09,1,right_eye,613.5517102875292
09,1,left_eye,236.81470073552578
09,1,nose,64.31131841889055
09,1,mouth,493.32227055805436
09,1,left_eye,342.226269521228
09,1,nose,118.67745556297655
09,1,mouth,607.4864492432113
09,1,right_eye,263.57399294797324
09,1,left_eye,605.9540829490245
09,1,nose,150.7235152535734
09,1,mouth,441.74840884942887
09,1,right_eye,54.68276418946047
09,1,left_eye,91.70391357780417
09,1,nose,36.52049144880077
09,1,mouth,105.09283078393459
09,1,right_eye,120.16101601850711
09,1,left_eye,100.38080089554124
09,1,nose,39.88283351041485
09,1,mouth,113.57534957553678
09,1,right_eye,454.25068757855456
09,1,left_eye,148.75854485576366
09,1,nose,62.73060454075705
09,1,mouth,225.26016302492474
09,1,left_eye,822.8207733537379
09,1,nose,169.77035241330344
09,1,left_eye,158.675010770271
09,1,nose,209.87806038578398
09,1,mouth,777.3564206534958
09,1,right_eye,127.17482004238389
09,1,left_eye,104.65818820983732
09,1,nose,43.213053141959776
09,1,mouth,115.953938605819
09,1,right_eye,311.9475622501276
09,1,left_eye,104.72907662479872
09,1,nose,49.113057188743824
09,1,mouth,201.21030393632984
09,1,right_eye,76.1340702677761
09,1,left_eye,50.093899336207556
09,1,nose,19.533268655052602
09,1,mouth,49.23876174096375
09,1,right_eye,242.30692842430813
09,1,left_eye,328.8022063558921
09,1,nose,111.1058875693682
09,1,mouth,303.7849776504316
09,1,right_eye,78.91745191453464
09,1,left_eye,109.94187518937781
09,1,nose,32.39718972610312
09,1,mouth,98.74348316998444
09,1,right_eye,42.982055172791846
09,1,left_eye,111.30702234136093
09,1,nose,23.889664369978213
09,1,mouth,73.821258115869
09,1,right_eye,133.1867324345733
09,1,left_eye,54.75547325307314
09,1,nose,25.400248226979727
09,1,mouth,71.65754608537387
09,1,right_eye,49.97071118426412
09,1,left_eye,102.63480043039517
09,1,nose,26.64523912359267
09,1,mouth,72.74924926174803
09,1,right_eye,198.49103305393947
09,1,left_eye,410.0316207287041
09,1,nose,137.83742183662594
09,1,mouth,276.63992438073046
09,1,right_eye,248.01578233184566
09,1,left_eye,721.246516979749
09,1,nose,208.2319608232093
09,1,mouth,538.5057398651961
09,1,right_eye,327.23046122966787
09,1,left_eye,197.88092414073245
09,1,nose,83.88852030688636
09,1,mouth,249.00009432271332
09,1,right_eye,68.55192870020909
09,1,left_eye,43.33172078935418
09,1,nose,18.790162057948386
09,1,mouth,37.32618845248834
09,1,left_eye,450.40821206305253
09,1,nose,275.12609344846084
09,1,right_eye,145.54695413683285
09,1,left_eye,549.1102571782142
09,1,nose,67.5415267128693
09,1,mouth,437.8012619720836
09,1,right_eye,167.92659175528394
09,1,left_eye,133.81927678230946
09,1,nose,38.2864811029519
09,1,mouth,134.96765035945475
09,1,right_eye,505.0427030280388
09,1,left_eye,236.0651714546172
09,1,nose,157.33679596810828
09,1,mouth,393.5553295492357
09,1,right_eye,100.51682368681978
09,1,left_eye,94.90731866789454
09,1,nose,32.81961368509215
09,1,mouth,111.75624396019354
09,1,right_eye,195.70467910285066
09,1,left_eye,334.70564430009745
09,1,nose,140.87486255666528
09,1,mouth,264.7148140403866
09,1,right_eye,73.78424811793813
09,1,left_eye,65.54322490199021
09,1,nose,25.894025080477203
09,1,mouth,68.77850189959443
09,1,right_eye,331.00061892679605
09,1,nose,165.43313497396701
22,2,right_eye,125.82769739374908
22,2,left_eye,82.84799171514537
22,2,nose,40.33291518178332
22,2,mouth,110.99139570932223
22,2,right_eye,642.5718673286796
22,2,left_eye,144.7604116039368
22,2,nose,67.19811737321527
22,2,mouth,457.4696036941684
22,2,right_eye,242.7363494311756
22,2,left_eye,500.6906968241854
22,2,nose,149.54297873802443
22,2,mouth,433.02997500661456
22,2,right_eye,310.4834701040123
22,2,left_eye,104.96283247283061
22,2,nose,72.81342806225456
22,2,mouth,201.74026936090252
22,2,right_eye,279.9727528679506
22,2,left_eye,276.14449273841154
22,2,nose,101.48707067725749
22,2,mouth,322.39568371638035
22,2,right_eye,260.1737808709124
22,2,left_eye,323.0670107372891
22,2,nose,135.30991820937658
22,2,mouth,391.4492901824219
22,2,nose,796.3570770524723
22,2,left_eye,621.8940851989549
22,2,nose,520.7011604784328
22,2,right_eye,209.122818732593
22,2,left_eye,724.2371256968338
22,2,nose,81.24770479717591
22,2,mouth,681.3923507733974
22,2,right_eye,308.58433150254274
22,2,left_eye,92.87702194913798
22,2,nose,46.60228077295073
22,2,mouth,167.93636577536856
22,2,right_eye,228.77266130109885
22,2,left_eye,809.8014899196997
22,2,nose,120.25095422304207
22,2,mouth,451.1748945561594
22,2,nose,805.0378484531477
22,2,right_eye,513.871014112429
22,2,left_eye,150.17511845217996
22,2,nose,68.61006648158062
22,2,mouth,347.34380095381044
22,2,right_eye,202.13785526848557
22,2,left_eye,524.1365384646498
22,2,nose,85.27810831055189
22,2,mouth,448.44749795631276
22,2,right_eye,90.47930001962564
22,2,left_eye,364.1807001342655
22,2,nose,50.68211975808323
22,2,mouth,352.65788008802565
22,2,right_eye,191.59198061226328
22,2,left_eye,615.6626916874652
22,2,nose,80.48451417907285
22,2,mouth,522.2608135211987
22,2,right_eye,208.25967362087408
22,2,nose,101.92733330405858
22,2,mouth,732.1081554929908
22,2,right_eye,100.79680085789707
22,2,left_eye,397.4690780497457
22,2,nose,71.93964348382457
22,2,mouth,279.79447760853265
22,2,right_eye,252.59891049209
22,2,left_eye,495.1703512902564
22,2,nose,126.79876829627835
22,2,mouth,365.43196992137524
22,2,right_eye,164.5088174013052
22,2,left_eye,170.41622642311768
22,2,nose,46.657040669457174
22,2,mouth,143.41791550611995
22,2,right_eye,357.81239651414853
22,2,left_eye,109.4048923738431
22,2,nose,84.06644604224707
22,2,mouth,276.7162650697612
22,2,right_eye,189.85468733139598
22,2,left_eye,314.46241698295603
22,2,nose,78.48055012422827
22,2,mouth,217.20234556141978
22,2,right_eye,258.76756956217594
22,2,left_eye,670.8341900284591
22,2,nose,135.06903972426738
22,2,mouth,465.3292006850976
22,2,right_eye,250.00686329978618
22,2,left_eye,118.4617257429023
22,2,nose,53.13669044882607
22,2,mouth,194.39472050848542
22,2,right_eye,70.77857335376494
22,2,left_eye,103.76636901618315
22,2,nose,43.6385932311364
22,2,mouth,104.81646439891554
22,2,left_eye,729.9331232793132
22,2,nose,345.4368758305228
22,2,right_eye,174.64455949764894
22,2,left_eye,137.20687184515714
22,2,nose,57.23229301763031
22,2,mouth,134.9162756395636
22,2,right_eye,222.77024764513357
22,2,left_eye,154.40976628167732
22,2,nose,67.85471760771698
22,2,mouth,152.96526846547215
22,2,right_eye,214.87871066425893
22,2,left_eye,148.94930723285432
22,2,nose,73.54301653274776
22,2,mouth,183.62896557013897
22,2,right_eye,318.4276295041006
22,2,left_eye,239.91304503844822
22,2,nose,101.58665185741944
22,2,mouth,236.07267360003178
22,2,right_eye,458.49475817994016
22,2,left_eye,144.77959571908818
22,2,nose,68.65752051169672
22,2,mouth,381.06812558927487
22,2,right_eye,60.653611375038054
22,2,left_eye,198.37033872133367
22,2,nose,32.46409196793632
22,2,mouth,133.51195793569195
22,2,right_eye,420.9541815826273
22,2,left_eye,543.4495502702542
22,2,nose,173.6816335069711
22,2,mouth,563.9146346401474
22,2,right_eye,43.83172681115519
22,2,left_eye,76.48147506289311
22,2,nose,22.529125686137956
22,2,mouth,37.15767243981373
22,1,right_eye,130.69157181681572
22,1,left_eye,268.60306733209103
22,1,nose,74.08243302253915
22,1,mouth,251.62292782855408
22,1,right_eye,170.63077275698703
22,1,left_eye,36.73291131804289
22,1,nose,28.94400613765395
22,1,mouth,103.69230978731613
22,1,right_eye,426.9976535756462
22,1,left_eye,346.51082164204075
22,1,nose,148.92704679125586
22,1,mouth,463.5644779910572
22,1,right_eye,606.9637496804671
22,1,left_eye,443.37380121348554
22,1,nose,186.60919775278705
22,1,mouth,502.0532513532603
22,1,right_eye,67.19006513445498
22,1,left_eye,157.53841977874455
22,1,nose,30.386038489704383
22,1,mouth,96.88547659709609
22,1,right_eye,97.95204427035958
22,1,left_eye,113.80464178105296
22,1,nose,37.71257744300543
22,1,mouth,128.53073650558204
22,1,left_eye,322.47455227214573
22,1,nose,157.27103884238915
22,1,left_eye,709.6985303679822
22,1,nose,415.73162189524925
22,1,right_eye,237.4468832005303
22,1,left_eye,701.9450555555399
22,1,nose,121.95375410765644
22,1,mouth,798.6543071362735
22,1,right_eye,155.5130884987022
22,1,left_eye,193.24140374020553
22,1,nose,59.677492757367375
22,1,mouth,179.56801500372495
22,1,left_eye,746.9988912446022
22,1,nose,484.0810667291206
22,1,left_eye,371.70104710397874
22,1,nose,335.1886396603463
22,1,right_eye,51.38897163676168
22,1,left_eye,78.84578442344092
22,1,nose,38.91100333248939
22,1,mouth,68.85424060730799
22,1,right_eye,549.2916811637974
22,1,left_eye,572.6752301855101
22,1,nose,162.1116797963868
22,1,mouth,539.9214088543057
22,1,nose,502.58799031177693
22,1,left_eye,291.5317582867869
22,1,nose,166.69317171298104
22,1,mouth,668.0122434661746
22,1,right_eye,250.46650091997043
22,1,left_eye,144.16496650526386
22,1,nose,67.25536966812334
22,1,mouth,176.1131629066424
22,1,right_eye,231.14190429485674
22,1,left_eye,352.8085274655456
22,1,nose,116.04672696644751
22,1,mouth,286.0028412731501
22,1,right_eye,340.25958314570937
22,1,left_eye,130.41784470453788
22,1,nose,86.00215823610961
22,1,mouth,223.3204139136431
22,1,right_eye,103.78067933530556
22,1,left_eye,334.43467487436465
22,1,nose,61.30369276440112
22,1,mouth,268.48095302592867
22,1,left_eye,507.09944941110604
22,1,nose,464.8031971402128
22,1,right_eye,351.06676394655017
22,1,left_eye,425.3637807273459
22,1,nose,129.91991555317716
22,1,mouth,263.64953977292674
22,1,right_eye,116.98113440598433
22,1,left_eye,43.62762320828033
22,1,nose,32.03147435521871
22,1,mouth,95.35976803051662
22,1,right_eye,120.39534019152109
22,1,left_eye,31.926789009485947
22,1,nose,17.2286898716947
22,1,mouth,77.44918092729827
22,1,right_eye,228.37394082395323
22,1,left_eye,144.69454773368597
22,1,nose,65.79926200134167
22,1,mouth,199.13224944101913
22,1,right_eye,177.40569978780454
22,1,left_eye,182.47617450409513
22,1,nose,84.86398797151723
22,1,mouth,275.2541377365831
22,1,left_eye,283.83355494158485
22,1,nose,131.8465345155234
22,1,right_eye,762.0958280027373
22,1,left_eye,204.77213246098233
22,1,nose,95.99544835448353
22,1,mouth,467.13659118179675
22,1,left_eye,588.9765049101771
22,1,nose,305.169303517211
22,1,right_eye,519.0851862224058
22,1,nose,267.96774413852756
22,1,right_eye,675.1340442298869
22,1,nose,519.0302055290698
22,1,right_eye,73.57885596169072
22,1,left_eye,58.189673280936454
22,1,nose,25.11432431297538
22,1,mouth,64.11714644439743
22,1,right_eye,240.17297148449939
22,1,left_eye,116.1511820749482
22,1,nose,53.67507912123085
22,1,mouth,157.00076731932157
22,1,right_eye,512.3442014419941
22,1,left_eye,155.36642280221295
22,1,nose,95.07385436446685
22,1,mouth,347.2155213913261
22,1,right_eye,66.07235636671781
22,1,left_eye,29.74830558895004
22,1,nose,18.53141028270499
22,1,mouth,50.647927761627145
22,1,right_eye,87.88028560808301
22,1,left_eye,269.5522157362965
22,1,nose,40.32691284966427
22,1,mouth,240.2405858059562
22,1,right_eye,496.76507353782955
22,1,left_eye,346.4657467850608
22,1,nose,152.8618725398006
22,1,mouth,363.90730713730903
22,1,right_eye,273.76444320943244
22,1,left_eye,18.884432877605867
22,1,nose,23.525788956935912
22,1,mouth,177.82533495602578
14,2,right_eye,559.0417375513379
14,2,left_eye,378.5307883254049
14,2,nose,152.52143461115722
14,2,mouth,473.90603951209994
14,2,right_eye,802.9631117253396
14,2,left_eye,326.8066695640993
14,2,nose,214.2783386044195
14,2,mouth,664.9518801061417
14,2,right_eye,433.4545796327885
14,2,left_eye,177.18728968601886
14,2,nose,73.46724374740936
14,2,mouth,260.89088693378324
14,2,right_eye,339.21930609261517
14,2,left_eye,338.5218120727337
14,2,nose,141.33872968127332
14,2,mouth,420.9201521533777
14,2,right_eye,670.7323704918476
14,2,nose,294.06426296930795
14,2,right_eye,183.20663196171472
14,2,left_eye,420.28755995443663
14,2,nose,89.28146924141109
14,2,mouth,279.2243388424376
14,2,right_eye,289.743754329164
14,2,left_eye,599.7458506428554
14,2,nose,195.4820039094146
14,2,mouth,321.02839111856593
14,2,right_eye,337.49568608577454
14,2,left_eye,491.97225951061284
14,2,nose,185.8864876634887
14,2,mouth,524.645566740124
14,2,left_eye,527.0456471272248
14,2,nose,198.32102785993393
14,2,right_eye,416.22382685521256
14,2,left_eye,302.0263627986824
14,2,nose,125.50239568589494
14,2,mouth,326.2474146602102
14,2,right_eye,55.40450812444779
14,2,left_eye,84.47883202888205
14,2,nose,30.99066532668805
14,2,mouth,99.12599451998211
14,2,nose,799.3015944739534
14,2,right_eye,455.3120043250304
14,2,left_eye,440.9367295832949
14,2,nose,155.87821475890908
14,2,mouth,477.8730513327657
14,2,right_eye,451.30448247252735
14,2,left_eye,488.5431361409863
14,2,nose,203.3926351164174
14,2,mouth,488.759746270069
14,2,left_eye,367.53981763626086
14,2,nose,181.22127752852444
14,2,nose,714.7695082965615
14,2,right_eye,663.4563126275455
14,2,nose,574.0813327069466
14,2,right_eye,105.030397616724
14,2,left_eye,385.9131172870552
14,2,nose,71.4251839233859
14,2,mouth,301.631301172835
14,2,right_eye,550.6627988425926
14,2,nose,654.9989404714905
14,2,right_eye,594.2018035968399
14,2,left_eye,542.0550520347784
14,2,nose,299.4289222025384
14,2,nose,554.448495853135
14,2,left_eye,353.15117828570214
14,2,nose,82.9089041694543
14,2,mouth,733.0015011875486
14,2,right_eye,343.76062199779545
14,2,left_eye,520.799218986676
14,2,nose,172.2625217103227
14,2,mouth,459.1776373052058
14,2,right_eye,61.9538416632529
14,2,left_eye,365.9831531564256
14,2,nose,82.04797761347747
14,2,mouth,267.015027566844
14,2,nose,714.4122592747739
14,2,right_eye,205.96778232091486
14,2,left_eye,313.5577101082005
14,2,nose,92.18390455974703
14,2,mouth,246.29060301113762
14,2,right_eye,68.19998989790665
14,2,left_eye,164.75242446192493
14,2,nose,33.85697641636804
14,2,mouth,107.19060922380038
14,2,right_eye,584.758825103071
14,2,left_eye,180.24690627042537
14,2,nose,73.54447834897219
14,2,mouth,401.44979027753146
14,2,right_eye,315.25710557893206
14,2,left_eye,205.99115846143044
14,2,nose,81.34484113958776
14,2,mouth,203.40689482004973
14,2,nose,499.60926178604274
14,2,nose,609.8753492984722
14,2,right_eye,302.46185876147825
14,2,left_eye,565.8484460699834
14,2,nose,154.40584786107328
14,2,mouth,235.28384730746498
14,2,right_eye,376.51172573536354
14,2,left_eye,279.47276348868166
14,2,nose,139.14006387553192
14,2,mouth,335.87544690042284
14,2,right_eye,340.0385796350346
14,2,left_eye,116.26949184013364
14,2,nose,61.849733840123726
14,2,mouth,201.84219468470812
14,2,right_eye,185.65715450420603
14,2,left_eye,165.6219578178717
14,2,nose,62.571412322692694
14,2,mouth,166.1494753552296
14,2,nose,384.2721868751268
14,2,nose,399.41538478051217
14,1,right_eye,408.2122333350824
14,1,left_eye,750.414955268224
14,1,nose,206.62834612668553
14,1,mouth,674.744465270008
14,1,left_eye,659.2127925941929
14,1,nose,367.7325253644976
14,1,nose,697.405523059651
14,1,nose,543.8559781443429
14,1,right_eye,442.56015598750014
14,1,left_eye,570.5287931249632
14,1,nose,169.06447666164308
14,1,mouth,482.8465742258936
14,1,right_eye,79.01906266449296
14,1,left_eye,20.985043538984304
14,1,nose,15.016099075000753
14,1,mouth,49.97979472152197
14,1,right_eye,359.90283676674665
14,1,nose,192.4342200151841
14,1,mouth,505.4730745961455
14,1,right_eye,813.6127379954514
14,1,nose,420.9000254248701
14,1,right_eye,783.3177653122448
14,1,nose,341.8005700636302
14,1,left_eye,381.79022103503985
14,1,nose,473.484842830769
14,1,mouth,756.7347830769709
14,1,right_eye,800.713401981785
14,1,nose,585.1630684867533
14,1,right_eye,514.7487470607025
14,1,left_eye,402.26981076750224
14,1,nose,163.1715187853836
14,1,mouth,483.80992338641175
14,1,right_eye,668.4554638215759
14,1,nose,232.40595665317346
14,1,right_eye,494.96785739841175
14,1,nose,141.97870889140512
14,1,left_eye,353.2929497799213
14,1,nose,243.66418817202526
14,1,right_eye,374.99114175578416
14,1,nose,368.53480789475066
13,2,right_eye,111.38593737774936
13,2,left_eye,54.068063936337076
13,2,nose,28.300606013005538
13,2,mouth,86.24539267290801
13,2,right_eye,123.7555604582308
13,2,left_eye,38.89136441676408
13,2,nose,18.67742849501601
13,2,mouth,70.6756466299891
13,2,right_eye,191.03652534261496
13,2,left_eye,798.0981925160647
13,2,nose,115.19539999451503
13,2,mouth,505.6698821468053
13,2,nose,351.66051129682427
13,2,nose,367.7354417237848
13,2,right_eye,121.21610253745565
13,2,left_eye,76.6942981156597
13,2,nose,43.52807808130742
13,2,mouth,115.56152126557723
13,2,right_eye,176.70222494228085
13,2,left_eye,171.38369424613708
13,2,nose,63.29323075751529
13,2,mouth,209.62085005406675
13,2,right_eye,86.22470611554716
13,2,left_eye,335.92920541890476
13,2,nose,83.38823371721358
13,2,mouth,244.4578547483345
13,2,right_eye,175.08318814994354
13,2,left_eye,196.31890962955893
13,2,nose,68.45664037463263
13,2,mouth,204.14126184586493
13,2,nose,209.52646501793328
13,2,right_eye,215.59194952204592
13,2,left_eye,199.89654751746522
13,2,nose,57.08940198899385
13,2,mouth,194.42210097149498
13,2,right_eye,714.1863932622209
13,2,left_eye,359.92839083039985
13,2,nose,202.19249700406505
13,2,mouth,543.6927189033141
13,2,right_eye,81.81313413794454
13,2,left_eye,189.63473008337297
13,2,nose,41.381565259033465
13,2,mouth,124.170570519649
13,2,right_eye,268.67774373661246
13,2,left_eye,268.95160145330505
13,2,nose,101.2945255155675
13,2,mouth,261.07612929451506
13,2,nose,816.4063367887729
13,2,right_eye,168.5916732416629
13,2,left_eye,153.04644724727382
13,2,nose,44.36202633163153
13,2,mouth,173.9998531794318
13,2,right_eye,345.2788773135163
13,2,left_eye,188.5860930482443
13,2,nose,118.73230516083149
13,2,mouth,319.4027244774079
13,2,right_eye,369.4931787326731
13,2,left_eye,239.42437698234812
13,2,nose,138.74047023423188
13,2,mouth,383.34197405074696
13,2,right_eye,429.26399856349514
13,2,left_eye,274.14242397420287
13,2,nose,146.06952146991398
13,2,mouth,421.52405599238796
13,2,right_eye,378.3315290551892
13,2,left_eye,139.4402764009097
13,2,nose,98.44876287969393
13,2,mouth,247.77943166420715
13,2,right_eye,188.64416071501407
13,2,left_eye,175.29889112664233
13,2,nose,54.14371647126612
13,2,mouth,197.9132316870775
13,2,right_eye,86.49039640943644
13,2,left_eye,88.6443310511875
13,2,nose,30.93071014084778
13,2,mouth,93.93456239852826
13,2,right_eye,57.86241319027371
13,2,left_eye,39.958649705461156
13,2,nose,17.886508700788937
13,2,mouth,49.292428403476194
13,2,right_eye,204.9924801498561
13,2,left_eye,128.25167839075758
13,2,nose,56.40584443728338
13,2,mouth,160.34999702210294
13,2,right_eye,752.2320209913761
13,2,left_eye,403.34553556379296
13,2,nose,202.34772891223025
13,2,mouth,381.07471453260064
13,2,right_eye,175.26928020411037
13,2,left_eye,509.9336132232628
13,2,nose,144.54486939857867
13,2,mouth,379.2522371740481
13,2,right_eye,157.08333591242337
13,2,left_eye,187.09079799583986
13,2,nose,43.673562444855
13,2,mouth,200.15230364688176
13,2,right_eye,165.49275540532048
13,2,left_eye,434.955976246482
13,2,nose,52.783868863039956
13,2,mouth,282.76739948515745
13,2,right_eye,748.583695059524
13,2,nose,609.4101458151847
13,2,right_eye,55.93571985250466
13,2,left_eye,219.09336026922585
13,2,nose,26.954893227372285
13,2,mouth,112.0160266508972
13,2,right_eye,79.64135930807888
13,2,left_eye,111.47490796654736
13,2,nose,32.58883438227588
13,2,mouth,96.29489834309788
13,2,right_eye,530.3771182407056
13,2,nose,349.61260035273557
13,2,right_eye,110.16157628089401
13,2,left_eye,231.69890931458852
13,2,nose,56.454400506341
13,2,mouth,189.68511389817647
13,2,right_eye,274.4787057331717
13,2,left_eye,601.673247077274
13,2,nose,185.86609011657902
13,2,mouth,442.9819570729753
13,2,right_eye,107.46398122599587
13,2,left_eye,151.5386428908818
13,2,nose,44.95979340362011
13,2,mouth,110.03758247950223
13,2,right_eye,129.7686298189056
13,2,left_eye,426.04691166428483
13,2,nose,104.8529981930943
13,2,mouth,389.3314603237152
13,2,right_eye,533.613076449911
13,2,left_eye,135.06792591905307
13,2,nose,90.72311003784218
13,2,mouth,563.5958875931938
13,2,right_eye,375.11818529642784
13,2,left_eye,433.16009769691453
13,2,nose,132.7166936918649
13,2,mouth,445.00502331479265
13,2,right_eye,242.53253451561403
13,2,left_eye,517.7369788395318
13,2,nose,122.82591473901061
13,2,mouth,376.90457190584357
13,2,right_eye,666.7246312225034
13,2,left_eye,359.2418528285161
13,2,nose,233.02078995918916
13,2,mouth,451.0127259897914
13,2,right_eye,298.40740456588435
13,2,left_eye,96.36368230546896
13,2,nose,47.55855530329999
13,2,mouth,187.6703578253467
13,2,right_eye,146.4458986614126
13,2,left_eye,59.99680479550665
13,2,nose,37.57686637228783
13,2,mouth,75.98043017079291
13,2,right_eye,210.70869427672199
13,2,left_eye,469.64508582041515
13,2,nose,167.60942996176817
13,2,mouth,432.03678994109464
13,2,right_eye,40.27035950747816
13,2,left_eye,241.9719981716317
13,2,nose,30.873229114739328
13,2,mouth,180.8844132061508
13,2,right_eye,131.48034944127528
13,2,left_eye,140.87091490743953
13,2,nose,42.882883396049266
13,2,mouth,121.76585225523596
13,2,right_eye,594.7406498048392
13,2,nose,407.0633463802112
13,2,right_eye,787.0534151136479
13,2,nose,296.96741560868793
13,2,right_eye,203.75709587197292
13,2,left_eye,601.0410499620721
13,2,nose,79.08461228371883
13,2,mouth,325.11724188223616
13,2,right_eye,218.91174459496727
13,2,left_eye,612.3594509952536
13,2,nose,81.90626643857331
13,2,mouth,366.82253797120586
13,2,right_eye,69.18756740122848
13,2,left_eye,167.6940666567299
13,2,nose,33.23913961427978
13,2,mouth,103.87922632776184
13,2,right_eye,144.92155962746767
13,2,left_eye,78.7167986824579
13,2,nose,43.65042383013035
13,2,mouth,106.71121785994407
13,2,right_eye,391.84730639221334
13,2,nose,344.5394668590077
13,2,mouth,656.720322364306
13,2,right_eye,677.4122030542268
13,2,nose,319.8148326557873
13,2,right_eye,772.4901540929548
13,2,nose,377.89401212886594
13,2,right_eye,495.4011331816714
13,2,left_eye,156.96632219497215
13,2,nose,139.11557081654482
13,2,mouth,363.5169738068117
13,2,right_eye,672.295052462905
13,2,left_eye,339.2923950615716
13,2,nose,215.10988654079387
13,2,mouth,523.3026659347295
13,2,right_eye,287.98222848184116
13,2,left_eye,95.87433382776197
13,2,nose,40.3070881846187
13,2,mouth,169.83634950577814
13,2,right_eye,360.53352484984805
13,2,left_eye,126.97529333536635
13,2,nose,78.27799092976423
13,2,mouth,266.2131908850214
13,2,right_eye,667.8488119720843
13,2,left_eye,388.04681987310573
13,2,nose,189.08193887190487
13,2,mouth,693.0224292829053
13,1,right_eye,303.03342758821
13,1,left_eye,146.19097717939542
13,1,nose,76.96197610878312
13,1,mouth,223.81361912361146
13,1,right_eye,815.6167530607761
13,1,left_eye,236.88320467668527
13,1,nose,162.42127323025107
13,1,mouth,598.0787690322876
13,1,right_eye,181.59765474107235
13,1,left_eye,377.4313311496288
13,1,nose,140.69871075038802
13,1,mouth,292.2723033589109
13,1,right_eye,107.24851399878028
13,1,left_eye,37.48445792715647
13,1,nose,22.014689900242313
13,1,mouth,80.25233817382093
13,1,right_eye,106.134811769087
13,1,left_eye,238.894445458827
13,1,nose,70.96690154875249
13,1,mouth,130.00384122333352
13,1,right_eye,208.72933694417802
13,1,left_eye,268.83087854903596
13,1,nose,85.67580804500348
13,1,mouth,204.76397646178253
13,1,left_eye,781.9385789215787
13,1,nose,386.4930952191965
13,1,right_eye,230.8057574392222
13,1,left_eye,154.62075351138606
13,1,nose,38.750544148061685
13,1,mouth,257.82294490133006
13,1,right_eye,273.8105217430027
13,1,left_eye,249.89420657567993
13,1,nose,94.42459943498
13,1,mouth,239.8706722463373
13,1,right_eye,265.9501604742166
13,1,left_eye,115.49205548789547
13,1,nose,54.04033781442328
13,1,mouth,202.51744622346467
13,1,right_eye,356.43321038311734
13,1,left_eye,634.7875985662483
13,1,nose,140.95420520137256
13,1,mouth,512.8249858492618
13,1,right_eye,84.81902619401315
13,1,left_eye,100.4979883520383
13,1,nose,33.672787700795475
13,1,mouth,85.01019775315308
13,1,right_eye,129.6262599356838
13,1,left_eye,133.91909062929992
13,1,nose,37.70202903699523
13,1,mouth,76.75262039802105
13,1,right_eye,80.58241261336553
13,1,left_eye,215.8820810496226
13,1,nose,45.621357614487984
13,1,mouth,224.91414872252386
13,1,right_eye,106.3855242877566
13,1,left_eye,36.28855513999941
13,1,nose,30.701376267574588
13,1,mouth,96.62454430466943
13,1,nose,821.365148106735
13,1,right_eye,231.58164738830664
13,1,left_eye,277.9226244316836
13,1,nose,91.75988811186468
13,1,mouth,214.73584006814514
13,1,left_eye,302.91135278973917
13,1,nose,239.63826620052674
13,1,right_eye,80.38365218299147
13,1,left_eye,206.44621385134838
13,1,nose,42.093100118789664
13,1,mouth,146.07703384687045
13,1,right_eye,47.732461391524964
13,1,left_eye,50.856435310036126
13,1,nose,17.31845294171122
13,1,mouth,49.09265035672769
13,1,right_eye,79.29847946223502
13,1,left_eye,71.5055955620672
13,1,nose,32.070254078045345
13,1,mouth,69.12567089765241
13,1,right_eye,283.8801247173067
13,1,left_eye,272.1604254659821
13,1,nose,95.15610208595896
13,1,mouth,223.80334773075222
13,1,right_eye,263.3597257213462
13,1,nose,103.3242447058462
13,1,mouth,620.7092978128917
13,1,right_eye,84.55300903489487
13,1,left_eye,37.735080281289996
13,1,nose,21.30886501426145
13,1,mouth,48.40304566955369
13,1,right_eye,239.73685603824353
13,1,left_eye,485.5464078139763
13,1,nose,127.23926301268938
13,1,mouth,347.4774731350908
13,1,left_eye,750.4349231540161
13,1,right_eye,219.54345400311496
13,1,left_eye,106.124304903865
13,1,nose,61.12553284321873
13,1,mouth,211.20670824980132
13,1,left_eye,584.8465487782198
13,1,nose,256.9902518843953
13,1,mouth,636.2409763951622
13,1,left_eye,243.6458489429683
13,1,nose,147.6096897579208
13,1,mouth,631.7848827872682
13,1,right_eye,74.17109404310398
13,1,left_eye,134.57623102611768
13,1,nose,35.20258472294929
13,1,mouth,92.05009020782904
13,1,nose,409.16341942213916
13,1,right_eye,393.6496957831247
13,1,left_eye,276.633407602338
13,1,nose,142.45789622176946
13,1,mouth,375.2590003927679
13,1,right_eye,452.94413917596415
13,1,left_eye,305.0978432197114
13,1,nose,153.57977499247585
13,1,mouth,328.3782426118486
13,1,right_eye,357.75844039596507
13,1,left_eye,93.77514642136718
13,1,nose,51.95485509425388
13,1,mouth,246.5115580884139
13,1,right_eye,102.82112446235334
13,1,left_eye,113.46485541153545
13,1,nose,41.29403462148629
13,1,mouth,120.41998550462489
13,1,right_eye,315.5591129482352
13,1,nose,229.8668932028917
13,1,mouth,699.2163836452538
13,1,right_eye,83.89088600999453
13,1,left_eye,69.11708708007198
13,1,nose,30.266306955054077
13,1,mouth,71.72571995487941
13,1,right_eye,197.09889977110475
13,1,left_eye,25.594934241072103
13,1,nose,26.786142169001124
13,1,mouth,124.52002381882204
12,1,nose,666.6265941321905
12,1,mouth,611.7069281990655
12,1,right_eye,574.1481271154228
12,1,nose,338.1251588383748
12,1,mouth,732.3779598593907
12,1,right_eye,152.7101132711298
12,1,left_eye,253.29426934861564
12,1,nose,87.88006773185484
12,1,mouth,250.11554964839974
12,1,left_eye,435.53275402127605
12,1,nose,319.78287940144253
12,1,right_eye,700.9697667843059
12,1,left_eye,309.6884731577392
12,1,nose,158.6068939719035
12,1,mouth,462.7348660860514
12,1,right_eye,113.19636715070209
12,1,left_eye,113.56057054791273
12,1,nose,38.59549175410156
12,1,mouth,112.6475705472836
12,1,right_eye,241.81073776341884
12,1,left_eye,192.248571768813
12,1,nose,72.7712426783103
12,1,mouth,213.16944778945785
12,1,right_eye,648.755901029363
12,1,nose,557.7647533787217
12,2,right_eye,596.2050341560403
12,2,left_eye,133.69060545059045
12,2,nose,93.91786895821433
12,2,mouth,394.18649143515495
12,2,right_eye,240.45438110220454
12,2,left_eye,119.7777020140598
12,2,nose,84.20698655455668
12,2,mouth,153.560930329179
12,2,right_eye,153.4274104521562
12,2,left_eye,328.4223311092374
12,2,nose,98.54019333664576
12,2,mouth,337.61006510196063
12,2,right_eye,200.33124692377456
12,2,left_eye,187.39204079838015
12,2,nose,70.95854977932014
12,2,mouth,189.3181624985251
12,2,right_eye,664.5039651720167
12,2,left_eye,285.48739897484484
12,2,nose,146.89136989248175
12,2,mouth,569.1172659606567
12,2,right_eye,587.7100848862359
12,2,left_eye,461.3296832987925
12,2,nose,141.39907255198602
12,2,mouth,465.56115926298565
12,2,nose,519.7128299013208
12,2,right_eye,136.78517441478917
12,2,left_eye,225.39386176669962
12,2,nose,30.084666009222207
12,2,mouth,237.736297809289
12,2,nose,593.4527884592951
12,2,nose,306.96551469611927
12,2,right_eye,767.5243539943383
12,2,left_eye,157.8970098172959
12,2,nose,77.91422634031191
12,2,mouth,508.66440984805377
12,2,left_eye,533.4350784274259
12,2,nose,231.06849540416314
12,2,left_eye,219.71811405952704
12,2,nose,252.86359479393417
12,2,right_eye,165.1478829671567
12,2,left_eye,521.7848204525862
12,2,nose,94.76677775610648
12,2,mouth,436.3005188241504
12,2,right_eye,325.4400692535319
12,2,right_eye,130.19645935389096
12,2,left_eye,73.34963971844739
12,2,nose,36.281191387532516
12,2,mouth,80.17270954012915
12,2,right_eye,50.14195464483646
12,2,left_eye,183.6691030377444
12,2,nose,37.30865592111168
12,2,mouth,124.88028639630748
12,2,right_eye,130.34454410693985
12,2,left_eye,306.4233736354889
12,2,nose,78.85583108554651
12,2,mouth,228.37625117202475
12,2,right_eye,51.826771948782195
12,2,left_eye,202.84430031237656
12,2,nose,27.069196604335403
12,2,mouth,150.25973113450587
15,1,right_eye,189.92719140230872
15,1,left_eye,197.6339474699855
15,1,nose,86.46445718944574
15,1,mouth,197.97440393826008
15,1,right_eye,707.1215935559505
15,1,left_eye,158.75187130930863
15,1,nose,116.16205225596268
15,1,mouth,547.9644828787781
15,1,right_eye,211.11299853642447
15,1,left_eye,731.7815738514391
15,1,nose,74.68872207000283
15,1,mouth,546.4167055421335
15,1,right_eye,501.49333754841234
15,1,left_eye,385.4327224404255
15,1,nose,137.68263508062134
15,1,mouth,369.39130493054085
15,1,right_eye,344.8184066211429
15,1,left_eye,103.385267852885
15,1,nose,56.887233417128485
15,1,mouth,238.90909210884365
15,1,right_eye,392.3240746665948
15,1,left_eye,127.24481910146305
15,1,nose,59.234950360425486
15,1,mouth,271.1961558715166
15,1,right_eye,146.55474259964078
15,1,left_eye,33.67302472878771
15,1,nose,16.353022603080653
15,1,mouth,88.41921006849086
15,1,right_eye,115.63704878998033
15,1,left_eye,39.09414119076276
15,1,nose,18.728377374970403
15,1,mouth,73.54043264428651
15,1,right_eye,164.84165247397158
15,1,left_eye,251.22806968060775
15,1,nose,100.52135948188563
15,1,mouth,227.40891836353507
15,1,right_eye,140.14380277267708
15,1,left_eye,70.07436158651477
15,1,nose,39.735264381655
15,1,mouth,90.04657125915314
15,1,right_eye,660.5716010367237
15,1,nose,253.37054651085234
15,1,right_eye,116.30337484815416
15,1,left_eye,204.4705116066144
15,1,nose,64.24792190467792
15,1,mouth,181.97819164055352
15,1,right_eye,60.119279785231726
15,1,left_eye,124.81173242058436
15,1,nose,41.12392710083378
15,1,mouth,93.94506069335011
15,1,right_eye,597.4322889673223
15,1,left_eye,603.9888306719405
15,1,nose,153.39571661556081
15,1,mouth,715.1831637451764
15,1,left_eye,525.4457071477387
15,1,nose,275.6771756949899
15,2,left_eye,294.307991102157
15,2,nose,189.22228426527658
15,2,right_eye,383.9276395600025
15,2,nose,131.5608974306959
15,2,right_eye,102.31006968491496
15,2,left_eye,399.328225365552
15,2,nose,102.02591883778926
15,2,mouth,233.33578611174374
15,2,right_eye,269.77419739956736
15,2,left_eye,231.0851590973801
15,2,nose,81.3426413491914
15,2,mouth,275.79800215386115
15,2,right_eye,194.33478776110292
15,2,left_eye,646.4295717452768
15,2,nose,121.11702491577464
15,2,mouth,349.64840133135215
15,2,right_eye,533.836205253125
15,2,nose,611.0366043318832
15,2,right_eye,355.1483955498958
15,2,nose,230.50031229576496
15,2,mouth,701.6639853079521
15,2,right_eye,182.1804902569321
15,2,left_eye,66.01480131446891
15,2,nose,31.871235086349028
15,2,mouth,110.93347334224993
15,2,left_eye,355.79418992222685
15,2,nose,134.3345792257402
15,2,mouth,550.2424617806046
15,2,right_eye,49.34122964577445
15,2,left_eye,101.89161987100691
15,2,nose,44.60810378168493
15,2,mouth,108.1590467015337
15,2,nose,595.4623934917311
15,2,nose,670.8708504065488
15,2,right_eye,111.39707631605474
15,2,left_eye,79.46784043632479
15,2,nose,33.517199185722916
15,2,mouth,75.61788406189757
15,2,right_eye,304.95894633691455
15,2,left_eye,796.6976184154303
15,2,nose,236.09220554640106
15,2,mouth,676.2512297012541
15,2,right_eye,115.19572799795276
15,2,left_eye,87.70980950863401
15,2,nose,31.588012637882812
15,2,mouth,69.50644985553042
15,2,right_eye,393.842785037849
15,2,left_eye,588.2742604771375
15,2,nose,254.57857487103922
15,2,mouth,491.3043796139743
15,2,right_eye,509.77117300166395
15,2,left_eye,422.93800891534704
15,2,nose,162.41999584872428
15,2,mouth,400.87082223426466
15,2,left_eye,591.0748204148884
15,2,nose,392.8100113000063
15,2,right_eye,81.84240234679848
15,2,left_eye,91.19147603005456
15,2,nose,33.264243081270365
15,2,mouth,78.70187854187661
15,2,nose,604.6918130640987
15,2,left_eye,331.2684458641168
15,2,nose,247.73397238423598
15,2,right_eye,57.36037622562221
15,2,left_eye,138.54888741229783
15,2,nose,29.84606928713458
15,2,mouth,74.24466707494538
15,2,right_eye,795.5458238396424
15,2,nose,288.8453994625123
15,2,mouth,657.9643332640971
15,2,nose,549.8075290028174
15,2,right_eye,770.6680838675122
15,2,left_eye,181.59698322744921
15,2,nose,101.66514654311246
15,2,mouth,610.0697863619262
15,2,right_eye,654.5068173082368
15,2,nose,336.5567764288014
15,2,nose,348.2607305678518
15,2,nose,532.4311042360348
15,2,nose,816.070177332115
23,1,nose,580.923323764371
23,1,right_eye,41.513079136086134
23,1,left_eye,54.49440463704597
23,1,nose,18.840421349542368
23,1,mouth,39.152094877325524
23,1,right_eye,224.02395114987976
23,1,left_eye,279.7268339661877
23,1,nose,91.63762542769581
23,1,mouth,196.61158945623671
23,1,right_eye,595.2163722713102
23,1,nose,313.73891401636035
23,1,right_eye,154.5299723353368
23,1,left_eye,239.09170480335672
23,1,nose,68.35126690422167
23,1,mouth,198.02705595708483
23,1,right_eye,441.0885288132241
23,1,left_eye,733.110485082093
23,1,nose,207.81903972487328
23,1,mouth,541.9819463798096
23,1,right_eye,106.89089872044804
23,1,left_eye,316.2492159610282
23,1,nose,48.29133436821521
23,1,mouth,241.56855095030852
23,1,right_eye,110.766689714784
23,1,left_eye,202.48566129673898
23,1,nose,59.35050724842846
23,1,mouth,110.39714174004858
23,1,right_eye,413.0279818571927
23,1,left_eye,436.8389771232751
23,1,nose,140.8568590630881
23,1,mouth,374.2761819564442
23,1,right_eye,481.0120597657749
23,1,left_eye,143.7140940310341
23,1,nose,83.35424403366991
23,1,mouth,344.9196021695211
23,1,right_eye,456.203466607019
23,1,nose,305.0821255153747
23,1,right_eye,278.7165212608351
23,1,left_eye,467.8437094561985
23,1,nose,159.8933638102749
23,1,mouth,245.54640547269148
23,1,nose,818.9728302590504
23,1,left_eye,581.4537297831948
23,1,nose,283.3874445229523
23,1,left_eye,654.0056253030932
23,1,nose,224.94209997743738
23,1,left_eye,624.3706720163563
23,1,nose,168.19598919565243
23,1,right_eye,92.68117999653941
23,1,left_eye,317.0357076064752
23,1,nose,54.81792422348627
23,1,mouth,248.4651881734991
23,2,nose,373.0114697501806
23,2,right_eye,181.48482003298273
23,2,left_eye,627.0623975888956
23,2,nose,127.92459910438143
23,2,mouth,416.5281832737403
23,2,right_eye,250.66052204307073
23,2,left_eye,79.41315735537701
23,2,nose,19.984474342582807
23,2,mouth,162.9418462589695
23,2,nose,432.60241989519704
23,2,right_eye,357.7312409834642
23,2,left_eye,779.2493205969056
23,2,nose,179.76722552214596
23,2,mouth,672.2522128974842
23,2,right_eye,761.6214290209947
23,2,nose,251.59437460809764
23,2,mouth,594.037779157331
23,2,nose,311.9650429197404
23,2,mouth,742.702115125192
23,2,nose,479.9505942369338
23,2,nose,347.62472487319314
23,2,nose,383.2039346475958
23,2,right_eye,103.6115033666448
23,2,left_eye,210.65467312103635
23,2,nose,40.14433883052315
23,2,mouth,139.58948468179568
23,2,right_eye,328.66886547208225
23,2,left_eye,272.443222607088
23,2,nose,101.22855607368322
23,2,mouth,207.65935584714654
23,2,right_eye,386.56454975908076
23,2,left_eye,153.8980008593791
23,2,nose,84.4083362378581
23,2,mouth,225.129113143682
23,2,nose,516.5817656590323
23,2,right_eye,583.4128606014748
23,2,left_eye,195.86088039300893
23,2,nose,126.4036625575512
23,2,mouth,365.32259644796505
23,2,right_eye,684.0079159730442
23,2,left_eye,232.14786723394343
23,2,nose,175.59683716478153
23,2,mouth,528.2473796282308
23,2,right_eye,796.4905065068986
23,2,left_eye,259.11243659719213
23,2,nose,177.78890054124014
23,2,mouth,590.6081563546692
23,2,right_eye,451.842493121041
23,2,left_eye,475.3239819783891
23,2,nose,190.76486528063703
23,2,mouth,358.0686596199328
23,2,right_eye,267.5155563272962
23,2,left_eye,396.5171588983748
23,2,nose,91.69223683049267
23,2,mouth,428.27504794383634
23,2,left_eye,734.2188270016699
23,2,nose,566.3535668527074
23,2,left_eye,820.1956322514071
23,2,nose,314.27861528940133
23,2,right_eye,174.10222205002282
23,2,left_eye,65.03918461066073
23,2,nose,25.68167876847643
23,2,mouth,119.17691457084001
23,2,right_eye,578.3370397748203
23,2,left_eye,190.3631311781143
23,2,nose,107.80492319770809
23,2,mouth,363.49490584935734
23,2,right_eye,126.84379021891651
23,2,left_eye,169.11307983994237
23,2,nose,60.42628681554567
23,2,mouth,171.61684312559547
23,2,left_eye,568.2276089980908
23,2,nose,120.781038305017
23,2,left_eye,421.69959684406746
23,2,nose,178.78667356257725
23,2,right_eye,633.8608506413296
23,2,left_eye,603.6842822794428
23,2,nose,267.1164163918119
23,2,mouth,553.3384506874156
23,2,right_eye,315.4428169244043
23,2,left_eye,496.69362352812226
23,2,nose,214.98962820493483
23,2,mouth,337.8739313425386
23,2,right_eye,437.4172061873021
23,2,nose,420.62730889808006
23,2,left_eye,621.3920271454441
23,2,nose,288.97845963653924
23,2,left_eye,679.6096778183103
23,2,nose,327.8070633630584
23,2,left_eye,737.7006930124684
23,2,nose,376.1975959623352
23,2,right_eye,244.15648798895472
23,2,left_eye,210.54522643853204
23,2,nose,64.4398761044682
23,2,mouth,147.85840946804507
24,1,right_eye,106.12278654960329
24,1,left_eye,354.99184242611517
24,1,nose,49.56137630891018
24,1,mouth,364.3239947153713
24,1,right_eye,239.43869627302968
24,1,left_eye,671.051480726705
24,1,nose,137.3421291320744
24,1,mouth,492.1676938681909
24,1,right_eye,119.14477585926448
24,1,left_eye,170.15664898965275
24,1,nose,78.83255146723198
24,1,mouth,219.86602368385076
24,1,left_eye,167.28064290143573
24,1,nose,431.80542975834675
24,1,mouth,772.0512424913328
24,1,right_eye,165.96273705011632
24,1,left_eye,248.50797322269148
24,1,nose,80.98377250168198
24,1,mouth,229.54551722551022
24,1,right_eye,313.79695251324085
24,1,left_eye,346.0916839390952
24,1,nose,123.2397726302286
24,1,mouth,318.87159091743536
24,1,right_eye,97.4767492006733
24,1,left_eye,167.68091091434295
24,1,nose,53.62267372448417
24,1,mouth,99.21966616049956
24,1,right_eye,104.18730852879253
24,1,left_eye,204.53195031874026
24,1,nose,60.004562861375156
24,1,mouth,177.27617829109204
24,1,right_eye,160.65719953678627
24,1,left_eye,250.94162059019155
24,1,nose,77.5793669058863
24,1,mouth,254.82181296713583
24,1,right_eye,159.38933218351258
24,1,left_eye,338.1967617244752
24,1,nose,93.59189614878224
24,1,mouth,299.8220099432299
24,1,right_eye,122.6227582874489
24,1,left_eye,51.444434889748244
24,1,nose,32.005995570287325
24,1,mouth,97.92681125251553
24,1,right_eye,489.16479354886894
24,1,left_eye,710.405826382515
24,1,nose,211.07784916889713
24,1,mouth,461.351530899719
24,1,right_eye,132.12514167740989
24,1,left_eye,387.8903190836371
24,1,nose,69.14365057156562
24,1,mouth,372.8408886673874
24,1,right_eye,54.59423183307822
24,1,left_eye,88.6318702527325
24,1,nose,26.073277592409433
24,1,mouth,51.700620321779844
24,1,right_eye,145.37308420594297
24,1,left_eye,206.4192234721202
24,1,nose,65.30755967124952
24,1,mouth,162.9001326506873
24,1,right_eye,527.5372095489208
24,1,left_eye,801.1449874572406
24,1,nose,201.8018108025148
24,1,mouth,601.5159921913237
24,1,right_eye,57.372770350813326
24,1,left_eye,59.53819258577661
24,1,nose,21.49521962027925
24,1,mouth,56.59381744313082
24,1,right_eye,104.39445506383417
24,1,left_eye,350.68602075104207
24,1,nose,71.75329858431962
24,1,mouth,273.1662256008042
24,1,right_eye,152.90659822553295
24,1,left_eye,259.28246987877355
24,1,nose,77.00830518459455
24,1,mouth,170.802626711099
24,1,right_eye,533.4561677075226
24,1,nose,162.32785940345445
24,1,right_eye,448.7949657600133
24,1,left_eye,239.80146275420267
24,1,nose,110.30880509668819
24,1,mouth,245.0947663890958
24,1,right_eye,107.69135310598314
24,1,left_eye,574.4414870854268
24,1,nose,107.64426674809059
24,1,mouth,522.2228930604995
24,1,nose,586.5858555737595
24,1,right_eye,210.63080369507358
24,1,left_eye,126.87202312764761
24,1,nose,55.000510698291066
24,1,mouth,132.4966624789877
24,1,right_eye,174.8639306047421
24,1,left_eye,229.18768809677755
24,1,nose,82.94586281657428
24,1,mouth,134.00251848190607
24,1,right_eye,397.42652861712986
24,1,left_eye,80.32004752265858
24,1,nose,39.30200657068101
24,1,mouth,382.9514172895305
24,1,right_eye,308.1048570641773
24,1,left_eye,562.6597845313499
24,1,nose,148.24439532141574
24,1,mouth,465.990963083057
24,1,right_eye,500.2315942016785
24,1,left_eye,171.2533731703639
24,1,nose,100.74537737423469
24,1,mouth,358.7696552537228
24,1,right_eye,155.56459833490234
24,1,left_eye,455.96546295852977
24,1,nose,84.94901184440866
24,1,mouth,367.52092686215923
24,1,right_eye,196.73756313120958
24,1,left_eye,118.10843369526228
24,1,nose,59.59389215821527
24,1,mouth,192.56011101531286
24,1,right_eye,103.67995163882708
24,1,left_eye,180.50672126599693
24,1,nose,48.4042945767352
24,1,mouth,123.40903251844077
24,1,right_eye,541.4580460591477
24,1,left_eye,284.43907203769675
24,1,nose,139.43774969160847
24,1,mouth,387.66513221154713
24,1,right_eye,552.663536205213
24,1,left_eye,527.1927755359557
24,1,nose,208.84958682224067
24,1,mouth,671.2941014365908
24,1,right_eye,639.9523041971728
24,1,nose,316.0622423042163
24,1,right_eye,141.13905851740253
24,1,left_eye,167.3014795967477
24,1,nose,64.95520086527341
24,1,mouth,193.60426102057636
24,1,right_eye,806.8483303146469
24,1,left_eye,744.5607326563712
24,1,nose,181.68460799308897
24,1,right_eye,253.87207721679977
24,1,left_eye,209.96903138358672
24,1,nose,88.07847259905047
24,1,mouth,248.08041880056305
24,1,right_eye,109.32312159598222
24,1,left_eye,120.69783055355691
24,1,nose,36.06192543747476
24,1,mouth,107.91712241298612
24,1,left_eye,508.54898873224954
24,1,nose,239.17325976627504
24,1,left_eye,780.4321186530793
24,1,nose,282.97790626018786
24,1,left_eye,626.0843607591767
24,1,nose,261.99396039854116
24,2,right_eye,108.5390460739257
24,2,left_eye,335.34439219777954
24,2,nose,59.693653366487055
24,2,mouth,264.4229083618077
24,2,right_eye,222.4948352933347
24,2,left_eye,363.0017748969344
24,2,nose,97.41014467820153
24,2,mouth,269.0932451315294
24,2,right_eye,717.0613905471482
24,2,nose,365.5332623423577
24,2,right_eye,518.3571511212876
24,2,left_eye,241.94871312109154
24,2,nose,151.40442915995115
24,2,mouth,336.2897065976698
24,2,right_eye,235.4475439716341
24,2,left_eye,513.2337728585107
24,2,nose,156.80440341737003
24,2,mouth,278.5142797524851
24,2,right_eye,46.98693227016939
24,2,left_eye,68.46061466686612
24,2,nose,31.504824098421658
24,2,mouth,74.04762896454284
24,2,right_eye,104.08071691044915
24,2,left_eye,141.38968427566041
24,2,nose,46.18917434292331
24,2,mouth,122.34042447096714
24,2,right_eye,142.01711883914936
24,2,left_eye,273.01803662454154
24,2,nose,78.93980180634183
24,2,mouth,144.0250427299673
24,2,right_eye,227.52814740268047
24,2,left_eye,271.51603240960446
24,2,nose,90.2855211944144
24,2,mouth,216.67029899330066
24,2,right_eye,289.73925114713654
24,2,left_eye,58.45375648568597
24,2,nose,48.91036192952609
24,2,mouth,190.89663043765142
24,2,right_eye,310.55689623719593
24,2,left_eye,63.18831743696532
24,2,nose,75.93899596759599
24,2,mouth,217.40098248751931
24,2,nose,481.0241063109744
24,2,right_eye,479.40670910988285
24,2,left_eye,292.9863314386038
24,2,nose,175.2973103072477
24,2,mouth,452.30964914426573
24,2,left_eye,446.17859123063374
24,2,nose,300.09986866041845
24,2,right_eye,72.08195393460319
24,2,left_eye,169.5455663522233
24,2,nose,36.963578383794996
24,2,mouth,129.40890132937852
24,2,right_eye,646.860394802169
24,2,left_eye,264.78761289821193
24,2,nose,165.53520892271996
24,2,mouth,532.8167833768993
24,2,right_eye,196.12740134971148
24,2,left_eye,200.5764468003052
24,2,nose,67.29604578392235
24,2,mouth,174.00010606606094
24,2,right_eye,326.40873557463055
24,2,left_eye,341.0688046901133
24,2,nose,120.4923458257714
24,2,mouth,322.0301139094847
24,2,right_eye,93.13881808507719
24,2,left_eye,119.57811498073403
24,2,nose,37.59181794572418
24,2,mouth,117.6912489884646
24,2,right_eye,365.2037274253456
24,2,left_eye,235.01461066293018
24,2,nose,88.622345134489
24,2,mouth,310.1593167772352
24,2,right_eye,195.75695141733374
24,2,left_eye,116.3181471427391
24,2,nose,74.23053837266191
24,2,mouth,185.69436306726527
24,2,left_eye,798.5729834147581
24,2,nose,568.0932982605506
24,2,right_eye,172.01221614487935
24,2,left_eye,454.39503063086704
24,2,nose,98.44223427314856
24,2,mouth,328.1505189511051
24,2,right_eye,517.552303371089
24,2,left_eye,367.93182279109556
24,2,nose,175.21681744648794
24,2,mouth,457.2990563913275
24,2,right_eye,218.25528977033338
24,2,left_eye,104.41358444043931
24,2,nose,49.645998560318155
24,2,mouth,147.68512722890915
24,2,right_eye,76.98527045149453
24,2,left_eye,98.46205295383098
24,2,nose,36.295253204430594
24,2,mouth,92.25742339024389
24,2,right_eye,384.0897309436251
24,2,left_eye,81.2582643971271
24,2,nose,94.42578677318494
24,2,mouth,277.22621788606284
24,2,right_eye,230.54008784035426
24,2,left_eye,460.14627302869343
24,2,nose,140.49514480496833
24,2,mouth,218.81849432598398
24,2,right_eye,583.3038216735106
24,2,left_eye,336.0104021642603
24,2,nose,155.00755142683437
24,2,mouth,421.67822473539485
24,2,right_eye,746.7032566287155
24,2,nose,289.18098314346304
24,2,right_eye,344.62596783381883
24,2,left_eye,280.19112500168626
24,2,nose,107.04893863541966
24,2,mouth,370.1339685290753
24,2,right_eye,219.67594418403962
24,2,left_eye,571.1825079648306
24,2,nose,79.89738265387395
24,2,mouth,260.2441651972559
24,2,right_eye,240.78861221146997
24,2,left_eye,251.5050384042741
24,2,nose,78.14874846441177
24,2,mouth,173.55760091984416
24,2,right_eye,390.5445474813367
24,2,left_eye,335.7680740143409
24,2,nose,126.1870431243058
24,2,mouth,317.50033538001657
24,2,right_eye,445.62853486565155
24,2,left_eye,459.8416567066939
24,2,nose,207.2213546211094
24,2,mouth,532.3084538065451
24,2,right_eye,386.0883036325586
24,2,left_eye,692.2258392138408
24,2,nose,164.77098559001726
24,2,mouth,532.9148715635833
24,2,left_eye,758.0815770196158
24,2,nose,259.37012912189846
24,2,nose,570.3724192323846
24,2,right_eye,185.64847811815645
24,2,left_eye,619.8856593813704
24,2,nose,103.52430539700964
24,2,mouth,485.3774599094774
24,2,left_eye,711.8189045516883
24,2,nose,389.94355652590457
24,2,left_eye,390.69435016117586
24,2,nose,231.89933401616065
24,2,mouth,618.1724434643319
24,2,right_eye,428.730386740848
24,2,nose,129.7359753461801
24,2,right_eye,337.10974407136223
24,2,left_eye,711.0012134070425
24,2,nose,256.0930374456634
24,2,mouth,481.7960050759318
24,2,right_eye,116.41747178237645
24,2,left_eye,94.45795038822173
24,2,nose,31.696830440779557
24,2,mouth,57.42774738862228
24,2,left_eye,617.5238564119011
24,2,nose,269.0366875185144
24,2,left_eye,260.4949171266904
24,2,nose,161.1878308751896
24,2,mouth,767.6511570352536
24,2,right_eye,607.5571518330469
24,2,left_eye,185.82566317356958
24,2,nose,59.08294074249203
24,2,mouth,510.5342442508916
24,2,right_eye,624.9099165114465
24,2,left_eye,283.0972060991373
24,2,nose,68.86541053957689
24,2,mouth,502.12746684983944
24,2,right_eye,676.9661572700527
24,2,nose,436.88424040158867
24,2,right_eye,522.6198704210271
24,2,nose,290.5892007195154
33,1,right_eye,113.99106570559505
33,1,left_eye,96.42933063378614
33,1,nose,41.05909401208601
33,1,mouth,128.5205096485328
33,1,right_eye,165.44455272871494
33,1,left_eye,64.86899062730703
33,1,nose,42.63226882740565
33,1,mouth,126.05418781657238
33,1,nose,386.23932119756995
33,1,left_eye,781.6124798620584
33,1,nose,366.87105959570215
33,1,right_eye,324.06486650465484
33,1,left_eye,101.99431970351723
33,1,nose,51.533219678557074
33,1,mouth,189.40759411327082
33,1,right_eye,54.92185124182312
33,1,left_eye,216.7999177796865
33,1,nose,34.09403427552095
33,1,mouth,180.18419670296942
33,1,right_eye,428.6651018464213
33,1,left_eye,183.4845885883091
33,1,nose,69.84442855968398
33,1,mouth,578.0058810055856
33,1,right_eye,109.90241709034962
33,1,left_eye,330.45789216823147
33,1,nose,52.380617653802716
33,1,mouth,266.2590730876162
33,1,right_eye,44.44673580172762
33,1,left_eye,99.6765830376422
33,1,nose,27.517391891280944
33,1,mouth,80.35928926934922
33,1,right_eye,76.24916538222833
33,1,left_eye,201.27003777991635
33,1,nose,47.905013576208496
33,1,mouth,187.57578326164685
33,1,right_eye,36.05125000322573
33,1,left_eye,43.171244965725016
33,1,nose,18.116990226651275
33,1,mouth,42.66051480439798
33,1,right_eye,288.9803788390867
33,1,left_eye,92.20719315144177
33,1,nose,43.863241675747176
33,1,mouth,256.94918633372436
33,1,right_eye,614.686416198152
33,1,left_eye,119.9759606384846
33,1,nose,92.56544152484537
33,1,mouth,600.7721816385181
33,1,right_eye,104.60901011270954
33,1,left_eye,45.32861785055843
33,1,nose,28.8764822244246
33,1,mouth,59.185889812307444
33,1,nose,400.6093498012124
33,1,right_eye,431.5072190886076
33,1,left_eye,167.05014099321374
33,1,nose,46.52620330417807
33,1,mouth,379.91643661400065
33,1,right_eye,191.6848966601474
33,1,left_eye,466.225937136764
33,1,nose,140.2535747965615
33,1,mouth,216.83559140652713
33,1,nose,392.20267437835525
33,1,nose,405.41490876374417
33,1,nose,443.6183050448054
33,1,right_eye,383.1649620320867
33,1,nose,223.74089990636776
33,1,mouth,715.5974404689293
33,1,right_eye,613.2063565036296
33,1,nose,326.3352673529295
33,2,right_eye,49.23122555701012
33,2,left_eye,113.9032078067242
33,2,nose,34.43927177818183
33,2,mouth,54.426294858083835
33,2,right_eye,557.0209086548019
33,2,left_eye,285.5278275917379
33,2,nose,118.84698700929323
33,2,mouth,382.60427674416695
33,2,right_eye,531.1800409123393
33,2,left_eye,130.17185768114993
33,2,nose,56.37399917047276
33,2,mouth,430.27410223603795
33,2,right_eye,57.05393308556291
33,2,left_eye,117.64487290895791
33,2,nose,31.762330491939217
33,2,mouth,87.53886351353997
33,2,right_eye,321.94682083389097
33,2,left_eye,304.0874473010037
33,2,nose,103.41456075738938
33,2,mouth,293.55117110771596
33,2,right_eye,100.01896138625006
33,2,left_eye,112.51679824603707
33,2,nose,35.060491696811525
33,2,mouth,88.40374867090132
33,2,right_eye,332.68934298947056
33,2,nose,421.577595936943
33,2,right_eye,532.2389159632805
33,2,left_eye,145.96740526629608
33,2,nose,92.00778582639748
33,2,mouth,589.7858929440258
33,2,right_eye,656.3249068150895
33,2,left_eye,105.2655580304666
33,2,nose,160.6418599869989
33,2,mouth,645.767675167445
33,2,right_eye,129.93652598876105
33,2,left_eye,391.33779959061064
33,2,nose,80.47057205248662
33,2,mouth,358.25510236814165
33,2,right_eye,43.18923471408414
33,2,left_eye,38.3232391145522
33,2,nose,15.311969504852485
33,2,mouth,43.17555666651118
33,2,right_eye,73.76935969910352
33,2,left_eye,342.2990108353484
33,2,nose,75.91960313287747
33,2,mouth,221.0120263326706
33,2,right_eye,333.95243231901253
33,2,left_eye,95.74394543987786
33,2,nose,93.733861996722
33,2,mouth,226.5697602443876
33,2,nose,282.334542185275
33,2,right_eye,116.8273861095359
33,2,left_eye,349.6187061865267
33,2,nose,71.24487917780979
33,2,mouth,254.30902852612763
33,2,right_eye,532.851202635746
33,2,left_eye,122.75444712045446
33,2,nose,55.06039433398327
33,2,mouth,409.33395590981627
33,2,right_eye,245.27869400719095
33,2,left_eye,65.45048353996924
33,2,nose,36.37595394917132
33,2,mouth,172.8948685036685
33,2,right_eye,622.6685359644166
33,2,left_eye,299.63576432557863
33,2,nose,157.3002914405916
33,2,mouth,416.3954082694131
33,2,right_eye,343.5001400410496
33,2,nose,347.75624983647197
33,2,right_eye,487.72527391370204
33,2,nose,378.552861712941
33,2,right_eye,311.98949964838437
33,2,left_eye,499.4470443422669
33,2,nose,143.88095437446725
33,2,mouth,315.6825016348815
33,2,right_eye,317.9105621337107
33,2,left_eye,822.2772118885673
33,2,nose,198.98519480187875
33,2,mouth,382.8270311758432
33,2,right_eye,362.7799825310269
33,2,left_eye,337.57675026008906
33,2,nose,72.43533417282512
33,2,mouth,496.2079330360589
33,2,right_eye,467.3039445306592
33,2,left_eye,316.2150287359874
33,2,nose,134.62708985756535
33,2,mouth,251.85393687578807
33,2,left_eye,278.58614059127314
33,2,nose,118.78758352695633
33,2,right_eye,468.048750956194
33,2,left_eye,118.57346025837413
33,2,nose,99.1578263297566
33,2,mouth,259.2199624556753
33,2,right_eye,105.32897566356466
33,2,left_eye,214.17908047333177
33,2,nose,59.108742881903865
33,2,mouth,171.3832009811997
33,2,right_eye,700.0605541986015
33,2,left_eye,184.45251354494812
33,2,nose,86.62473601123936
33,2,mouth,500.862196245211
33,2,left_eye,477.199973939098
33,2,nose,301.86354558370664
33,2,right_eye,651.7156625231828
33,2,left_eye,227.18825924562915
33,2,nose,69.3278493820387
33,2,mouth,581.7682288491493
33,2,right_eye,140.47646781677668
33,2,left_eye,562.1490881084658
33,2,nose,78.00199587770844
33,2,mouth,521.372448197049
33,2,right_eye,268.69330751254444
33,2,left_eye,723.6956003956748
33,2,nose,101.0701618598676
33,2,mouth,761.5409302319132
33,2,right_eye,709.0970645623906
33,2,nose,233.86781087531915
32,2,right_eye,65.12915987903219
32,2,left_eye,317.39074046877107
32,2,nose,48.14466546964766
32,2,mouth,262.3354341825491
32,1,right_eye,145.51667602598434
32,1,left_eye,95.34880986481159
32,1,nose,42.37623430803865
32,1,mouth,107.75827980116543
32,1,right_eye,63.449377603261816
32,1,left_eye,183.95146807805185
32,1,nose,36.184130102214574
32,1,mouth,124.41502421647176
32,1,right_eye,482.3927464249193
32,1,left_eye,124.1160311567891
32,1,nose,92.31798643593427
32,1,mouth,417.1732359823573
32,1,right_eye,222.95173599381081
32,1,nose,168.1054739810864
32,1,mouth,710.1628082519301
32,1,nose,380.6243962110866
32,1,right_eye,770.3675134857845
32,1,left_eye,261.7320679271888
32,1,nose,192.36467547878374
32,1,mouth,647.535743108243
32,1,nose,463.4648103831962
32,1,right_eye,220.46215323789988
32,1,left_eye,160.44424033852897
32,1,nose,62.83155492329423
32,1,mouth,123.26205150027693
32,1,right_eye,292.5084109866073
32,1,left_eye,88.81648113515529
32,1,nose,48.60779467888669
32,1,mouth,186.06731319935068
32,1,right_eye,579.9171521027642
32,1,left_eye,244.97620042253962
32,1,nose,153.82857936384602
32,1,mouth,301.27806811085003
